Firebase ID,Address,City,State,Zip,ZPID,Price,Agent Phone,Broker Phone,Sent At,Status,Error,URL
0QHeRknFHBHgsQSjNKkI,"716 N Joplin Ave, Tulsa, OK 74115",Tulsa,OK,74115,22141810,165000,918-645-0668,918-645-0668,Tue Oct 28 2025 11:08:48 GMT-0500 (Central Daylight Time),success,"",https://www.zillow.com/homedetails/716-N-Joplin-Ave-Tulsa-OK-74115/22141810_zpid/
0fETyGfWVqW2gmvqXPnt,"1517 Chapman St, Houston, TX 77009",Houston,TX,77009,27771069,235000,832-526-7749,713-862-1600,Tue Oct 28 2025 11:08:52 GMT-0500 (Central Daylight Time),success,"",https://www.zillow.com/homedetails/1517-Chapman-St-Houston-TX-77009/27771069_zpid/
0wfOOQJpYg8poXwgRmVs,"2050 Egret Ave, New Braunfels, TX 78132",New Braunfels,TX,78132,331507775,425000,(512) 789-0900,(512) 789-0900,Tue Oct 28 2025 11:08:54 GMT-0500 (Central Daylight Time),success,"",https://www.zillow.com/homedetails/2050-Egret-Ave-New-Braunfels-TX-78132/331507775_zpid/
15HpTQjJktjRnx6TtwMj,"305 N Forest Ave, Tyler, TX 75702",Tyler,TX,75702,457913895,179900,214-502-9887,888-519-7431,Mon Nov 03 2025 08:02:31 GMT-0600 (Central Standard Time),success,"",https://www.zillow.com/homedetails/305-N-Forest-Ave-Tyler-TX-75702/457913895_zpid/
1rqiP2bNQAqVM3Rgm9Oa,"908 Evesham Ave, Toledo, OH 43607",Toledo,OH,43607,34665981,36800,419-408-0001,,Tue Oct 28 2025 11:09:02 GMT-0500 (Central Daylight Time),success,"",https://www.zillow.com/homedetails/908-Evesham-Ave-Toledo-OH-43607/34665981_zpid/
1xNIC1Q7J741utL5PQrW,"3213 Werder Dr, Saint Louis, MO 63121",Saint Louis,MO,63121,2694471,74900,314-698-6740,314-594-7543,Tue Oct 28 2025 11:09:04 GMT-0500 (Central Daylight Time),success,"",https://www.zillow.com/homedetails/3213-Werder-Dr-Saint-Louis-MO-63121/2694471_zpid/
1zLKj1iIDjDfDHipr5mc,"248 Palm Lane, Brooksville, FL 34601",Brooksville,FL,34601,80780795,205000,772-303-3377,772-343-7261,Tue Oct 28 2025 11:09:06 GMT-0500 (Central Daylight Time),success,"",https://www.zillow.com/homedetails/248-Palm-Ln-Brooksville-FL-34601/80780795_zpid/
20TNji0EqZS2evb3gztV,"9163 Loganberry Ln, Saint Louis, MO 63121",Saint Louis,MO,63121,2677221,69000,314-698-6740,314-594-7543,Tue Oct 28 2025 11:09:10 GMT-0500 (Central Daylight Time),success,"",https://www.zillow.com/homedetails/9163-Loganberry-Ln-Saint-Louis-MO-63121/2677221_zpid/
25K8fzx3dqXkptNm6qFB,"14885 Winthrop St, Detroit, MI 48227",Detroit,MI,48227,88714597,90000,248-647-3200,248-647-3200,Tue Oct 28 2025 13:01:04 GMT-0500 (Central Daylight Time),success,"",https://www.zillow.com/homedetails/14885-Winthrop-St-Detroit-MI-48227/88714597_zpid/
29USLDgMbQYlkFvsMNQN,"423 Jockey, San Antonio, TX 78227",San Antonio,TX,78227,65088182,219700,(210) 542-4959,210-542-4959,Tue Oct 28 2025 11:09:11 GMT-0500 (Central Daylight Time),success,"",https://www.zillow.com/homedetails/423-Jockey-San-Antonio-TX-78227/65088182_zpid/
2CFRqIKyffhv7AZYOkqT,"1007 NW 95th St, Oklahoma City, OK 73114",Oklahoma City,OK,73114,21947389,285000,405-808-3606,405-674-6290,Tue Nov 04 2025 06:02:03 GMT-0600 (Central Standard Time),success,"",https://www.zillow.com/homedetails/1007-NW-95th-St-Oklahoma-City-OK-73114/21947389_zpid/
2QYWdpYeRsgZ2QGIUEly,"311 Davenport St, Lincoln, IL 62656",Lincoln,IL,62656,113797237,38900,618-398-8794,618-398-8794,Tue Oct 28 2025 11:09:16 GMT-0500 (Central Daylight Time),success,"",https://www.zillow.com/homedetails/311-Davenport-St-Lincoln-IL-62656/113797237_zpid/
2gqJNKiDVunQZ5JVG0Wp,"414 E Church St, Dallas, NC 28034",Dallas,NC,28034,5867104,214900,gscottdavid15@gmail.com,704-800-0008,Tue Oct 28 2025 15:01:59 GMT-0500 (Central Daylight Time),success,"",https://www.zillow.com/homedetails/414-E-Church-St-Dallas-NC-28034/5867104_zpid/
2nS6tPrSwCA7p77SsArN,"2022 Highwood Dr, Garland, TX 75041",Garland,TX,75041,27023518,265000,214-766-5833,214-766-5833,Tue Oct 28 2025 11:09:21 GMT-0500 (Central Daylight Time),success,"",https://www.zillow.com/homedetails/2022-Highwood-Dr-Garland-TX-75041/27023518_zpid/
2pQC8iC5bpw86oteQn1N,"16220 Tracey St, Detroit, MI 48235",Detroit,MI,48235,88392563,149999,313-846-0960,313-846-0960,Thu Oct 30 2025 11:00:56 GMT-0500 (Central Daylight Time),success,"",https://www.zillow.com/homedetails/16220-Tracey-St-Detroit-MI-48235/88392563_zpid/
2uHlySCJh1LCSlirElLf,"3655 E Maxwell Pl, Inverness, FL 34453",Inverness,FL,34453,43606455,225000,352-422-5371,,Tue Oct 28 2025 11:09:22 GMT-0500 (Central Daylight Time),success,"",https://www.zillow.com/homedetails/3655-E-Maxwell-Pl-Inverness-FL-34453/43606455_zpid/
2vflqTTrWNoVg3rqoWyM,"4751 Deer Run Rd, Saint Cloud, FL 34772",Saint Cloud,FL,34772,46324794,315000,407-509-7995,352-242-3939,Tue Oct 28 2025 11:09:23 GMT-0500 (Central Daylight Time),success,"",https://www.zillow.com/homedetails/4751-Deer-Run-Rd-Saint-Cloud-FL-34772/46324794_zpid/
38ucHhE9A29yRgebDUSO,"3690 Wellington Pl, Bartow, FL 33830",Bartow,FL,33830,81485797,369999,863-400-6090,407-559-2929,Tue Oct 28 2025 11:09:27 GMT-0500 (Central Daylight Time),success,"",https://www.zillow.com/homedetails/3690-Wellington-Pl-Bartow-FL-33830/81485797_zpid/
3QLkkNyhdQu1PyFg0O6R,"112 E McNeill Dr, Red springs, NC 28377",Red springs,NC,28377,78344794,199000,910-734-3637,910-521-8301,Tue Oct 28 2025 11:09:29 GMT-0500 (Central Daylight Time),success,"",https://www.zillow.com/homedetails/112-E-McNeill-Dr-Red-Springs-NC-28377/78344794_zpid/
3gffTHpVKZhqWJaPiAKD,"508 W Chavez St, Edinburg, TX 78541",Edinburg,TX,78541,52742523,158500,956-240-9376,956-631-1322,Wed Oct 29 2025 15:02:00 GMT-0500 (Central Daylight Time),success,"",https://www.zillow.com/homedetails/508-W-Chavez-St-Edinburg-TX-78541/52742523_zpid/
3pq01MaDi3U20W0cDjsy,"280 41st Ave, Saint Pete Beach, FL 33706",Saint Pete Beach,FL,33706,47014742,750000,727-483-8153,727-531-2006,Tue Nov 04 2025 06:01:44 GMT-0600 (Central Standard Time),success,"",https://www.zillow.com/homedetails/280-41st-Ave-Saint-Pete-Beach-FL-33706/47014742_zpid/
3tqSOBlNRIZuBbSDa54E,"11527 NE 126th Ave, Vancouver, WA 98682",Vancouver,WA,98682,337457045,379000,360-606-1578,360-546-2160,Tue Oct 28 2025 11:09:36 GMT-0500 (Central Daylight Time),success,"",https://www.zillow.com/homedetails/11527-NE-126th-Ave-Vancouver-WA-98682/337457045_zpid/
46P3NXxcjkj4waM7cnGn,"4217 Kellywood Dr, Austin, TX 78739",Austin,TX,78739,83827376,1050000,(512) 575-3644,(512) 575-3644,Wed Oct 29 2025 13:01:25 GMT-0500 (Central Daylight Time),success,"",https://www.zillow.com/homedetails/4217-Kellywood-Dr-Austin-TX-78739/83827376_zpid/
48BQnRUtCNRLPcMKOwLt,"8401 Dogwood Trl, Haughton, LA 71037",Haughton,LA,71037,109779482,240000,318-210-8216,318-210-8216,Tue Oct 28 2025 11:09:38 GMT-0500 (Central Daylight Time),success,"",https://www.zillow.com/homedetails/8401-Dogwood-Trl-Haughton-LA-71037/109779482_zpid/
4BR0BIyeJ7RmwIDPKl1i,"(Undisclosed Address), New Port Richey, FL 34652",New Port Richey,FL,34652,46396028,249900,813-400-3403,407-900-1001,Tue Oct 28 2025 11:09:38 GMT-0500 (Central Daylight Time),success,"",https://www.zillow.com/homedetails/New-Port-Richey-FL-34652/46396028_zpid/
4C8jPIbgcdutfxIe3ZCK,"170 Olga, San Antonio, TX 78237",San Antonio,TX,78237,26238650,144700,(210) 542-4959,210-542-4959,Wed Oct 29 2025 07:01:27 GMT-0500 (Central Daylight Time),success,"",https://www.zillow.com/homedetails/170-Olga-St-San-Antonio-TX-78237/26238650_zpid/
4u2835fiQyDDt7oZX2Z2,"1028 SW 28th St, Oklahoma City, OK 73109",Oklahoma City,OK,73109,21897243,175000,918-384-8765,405-674-6290,Tue Nov 04 2025 04:01:11 GMT-0600 (Central Standard Time),success,"",https://www.zillow.com/homedetails/1028-SW-28th-St-Oklahoma-City-OK-73109/21897243_zpid/
5MOLh5HERSpSpRzDqywd,"3501 Saddlebred Dr, Gastonia, NC 28052",Gastonia,NC,28052,457678126,321900,msceau@lgihomes.com,704-493-3048,Thu Oct 30 2025 11:00:52 GMT-0500 (Central Daylight Time),success,"",https://www.zillow.com/homedetails/3501-Saddlebred-Dr-Gastonia-NC-28052/457678126_zpid/
5Z2bhQkj5hnMyGsaUmFB,"2713 Avenue Y, Brooklyn, NY 11235",Brooklyn,NY,11235,30748326,1028888,917-502-2635,929-605-5545,Tue Oct 28 2025 11:09:47 GMT-0500 (Central Daylight Time),success,"",https://www.zillow.com/homedetails/2713-Avenue-Y-Brooklyn-NY-11235/30748326_zpid/
681URpUx3JtldTK0e9qI,"3602 E 70th Pl, Tulsa, OK 74136",Tulsa,OK,74136,22227613,415000,918-645-0668,918-645-0668,Tue Oct 28 2025 11:09:50 GMT-0500 (Central Daylight Time),success,"",https://www.zillow.com/homedetails/3602-E-70th-Pl-Tulsa-OK-74136/22227613_zpid/
6vgiNFk1vzGJ0A07bh0b,"1110 Elgin St, Corpus Christi, TX 78405",Corpus Christi,TX,78405,28819829,112900,361-793-7655,888-519-7431,Thu Oct 30 2025 09:01:36 GMT-0500 (Central Daylight Time),success,"",https://www.zillow.com/homedetails/1110-Elgin-St-Corpus-Christi-TX-78405/28819829_zpid/
7Hn3PcjNxzuMqKGgqyiL,"330 Pool Dr, San Antonio, TX 78223",San Antonio,TX,78223,26273694,199500,(210) 259-5155,800-683-5651,Tue Oct 28 2025 11:10:00 GMT-0500 (Central Daylight Time),success,"",https://www.zillow.com/homedetails/330-Pool-Dr-San-Antonio-TX-78223/26273694_zpid/
7p58dTpU3MZcD7sr6VPS,"113 Jaynes Ave, Island Heights, NJ 08732",Island Heights,NJ,08732,39607778,739113,732-604-2046,7326781328,Thu Oct 30 2025 07:01:58 GMT-0500 (Central Daylight Time),success,"",https://www.zillow.com/homedetails/113-Jaynes-Ave-Island-Heights-NJ-08732/39607778_zpid/
7pLQg7qC0UKUW76W7ZgP,"5552 Lakeside Dr, Union City, GA 30291",Union City,GA,30291,65446184,188000,770-231-4878,770-907-0525,Wed Oct 29 2025 11:01:25 GMT-0500 (Central Daylight Time),success,"",https://www.zillow.com/homedetails/5552-Lakeside-Dr-Union-City-GA-30291/65446184_zpid/
84MwptcEWheLev768zTs,"205 E Smith St, Benton, IL 62812",Benton,IL,62812,121773684,54900,618-398-8794,618-398-8794,Tue Nov 04 2025 06:01:52 GMT-0600 (Central Standard Time),success,"",https://www.zillow.com/homedetails/205-E-Smith-St-Benton-IL-62812/121773684_zpid/
8V68A4IwjgEqGJPYX8jH,"547 Helena Ave, Dallas, TX 75217",Dallas,TX,75217,26797155,230000,214-766-5833,214-766-5833,Tue Nov 04 2025 04:01:24 GMT-0600 (Central Standard Time),success,"",https://www.zillow.com/homedetails/547-Helena-Ave-Dallas-TX-75217/26797155_zpid/
8csYMW1HvrI7aSBqgOjr,"928 25th St SW, Birmingham, AL 35211",Birmingham,AL,35211,1007652,104000,205-209-2421,205-822-2272,Tue Oct 28 2025 17:01:13 GMT-0500 (Central Daylight Time),success,"",https://www.zillow.com/homedetails/928-25th-St-SW-Birmingham-AL-35211/1007652_zpid/
8fQcF0e0CbrWkjjuFesG,"4205 Lake St, Omaha, NE 68111",Omaha,NE,68111,124993336,185000,402-214-6474,402-493-4663,Mon Nov 03 2025 16:01:35 GMT-0600 (Central Standard Time),success,"",https://www.zillow.com/homedetails/4205-Lake-St-Omaha-NE-68111/124993336_zpid/
8in2ztWCys2yUz0qFBQo,"1610 16th St, Port Huron, MI 48060",Port Huron,MI,48060,126663575,129500,810-650-1232,888-501-7085,Tue Oct 28 2025 15:01:42 GMT-0500 (Central Daylight Time),success,"",https://www.zillow.com/homedetails/1610-16th-St-Port-Huron-MI-48060/126663575_zpid/
955kibeiRLj5No7vTV4h,"706 Timilo, San Antonio, TX 78219",San Antonio,TX,78219,26319521,189700,(210) 542-4959,210-542-4959,Wed Oct 29 2025 17:02:07 GMT-0500 (Central Daylight Time),success,"",https://www.zillow.com/homedetails/706-Timilo-Dr-San-Antonio-TX-78219/26319521_zpid/
9b5QhdU0ufVwPwfrRjwb,"807 Fenet St, McKinney, TX 75069",McKinney,TX,75069,65347572,499000,817-875-0980,817-875-0980,Mon Nov 03 2025 16:02:05 GMT-0600 (Central Standard Time),success,"",https://www.zillow.com/homedetails/807-Fenet-St-McKinney-TX-75069/65347572_zpid/
9h4cpYqJEMm7upY1gyHm,"106 Contienental, San Antonio, TX 78228",San Antonio,TX,78228,26261648,193000,(210) 876-2030,888-519-7431,Tue Oct 28 2025 11:10:27 GMT-0500 (Central Daylight Time),success,"",https://www.zillow.com/homedetails/106-Continental-San-Antonio-TX-78228/26261648_zpid/
9j8jzKiT6p7JPL1oBnFd,"2067 Jamie Dr, Memphis, TN 38116",Memphis,TN,38116,42259785,149900,901-871-1290,901-756-8900,Wed Oct 29 2025 09:01:20 GMT-0500 (Central Daylight Time),success,"",https://www.zillow.com/homedetails/2067-Jamie-Dr-Memphis-TN-38116/42259785_zpid/
A3o3vaNiao8IuaRv1DSF,"10707 Hernando, Converse, TX 78109",Converse,TX,78109,2059848671,289700,(210) 542-4959,210-542-4959,Tue Oct 28 2025 11:10:31 GMT-0500 (Central Daylight Time),success,"",https://www.zillow.com/homedetails/10707-Hernando-Ct-Converse-TX-78109/2059848671_zpid/
AFRTtaV34332O1T7v5Dg,"17 Geraldine Ln, Denison, TX 75020",Denison,TX,75020,193018850,225000,855-450-0442,855-450-0442,Tue Oct 28 2025 11:10:34 GMT-0500 (Central Daylight Time),success,"",https://www.zillow.com/homedetails/17-Geraldine-Ln-Denison-TX-75020/193018850_zpid/
AKtCDUtOZMZiiNoqVhSV,"212 14th Pl, Vero Beach, FL 32960",Vero Beach,FL,32960,45240023,558500,863-400-6090,407-559-2929,Tue Oct 28 2025 11:10:36 GMT-0500 (Central Daylight Time),success,"",https://www.zillow.com/homedetails/212-14th-Pl-Vero-Beach-FL-32960/45240023_zpid/
ANk2I1VMExolMq6OkeP6,"4720 Whitewater Lane, Crestview, FL 32539",Crestview,FL,32539,46024798,320000,772-303-3377,772-343-7261,Mon Nov 03 2025 08:02:24 GMT-0600 (Central Standard Time),success,"",https://www.zillow.com/homedetails/4720-Whitewater-Ln-Crestview-FL-32539/46024798_zpid/
Agb23h4bfN3053pRJ57g,"111 N Thompson Ct, Chickasaw, AL 36611",Chickasaw,AL,36611,50961378,75000,251-209-7371,,Thu Oct 30 2025 09:01:50 GMT-0500 (Central Daylight Time),success,"",https://www.zillow.com/homedetails/111-N-Thompson-Ct-Chickasaw-AL-36611/50961378_zpid/
Aty2173dnV1oj3DRPgRx,"2842 Kingswood Dr, Garland, TX 75040",Garland,TX,75040,27031374,334000,512-827-2252,877-897-7275,Mon Nov 03 2025 16:02:17 GMT-0600 (Central Standard Time),success,"",https://www.zillow.com/homedetails/2842-Kingswood-Dr-Garland-TX-75040/27031374_zpid/
BUq6YEBQcLW3zN3L1aPc,"230 Hovenkamp St, Keller, TX 76248",Keller,TX,76248,29015449,363500,817-706-3291,817-706-3291,Mon Nov 03 2025 14:02:18 GMT-0600 (Central Standard Time),success,"",https://www.zillow.com/homedetails/230-Hovenkamp-St-Keller-TX-76248/29015449_zpid/
C5EWtryjgkNjO8d71EZ3,"2301 S Westminster Rd, Midwest City, OK 73130",Midwest City,OK,73130,22007209,72000,405-808-3606,405-674-6290,Mon Nov 03 2025 10:02:20 GMT-0600 (Central Standard Time),success,"",https://www.zillow.com/homedetails/2301-S-Westminster-Rd-Midwest-City-OK-73130/22007209_zpid/
CThyrhnbKSzHmE8KQ3EZ,"2610 Derbyshire Ave, Memphis, TN 38127",Memphis,TN,38127,42224906,95000,901-871-1290,901-756-8900,Tue Oct 28 2025 13:01:31 GMT-0500 (Central Daylight Time),success,"",https://www.zillow.com/homedetails/2610-Derbyshire-Ave-Memphis-TN-38127/42224906_zpid/
ChNy9oINst7xdTvlEOfN,"2318 Monroe Ave, Saint Albans, WV 25177",Saint Albans,WV,25177,22635418,67000,304-552-1599,304-201-7653,Tue Oct 28 2025 11:11:02 GMT-0500 (Central Daylight Time),success,"",https://www.zillow.com/homedetails/2318-Monroe-Ave-Saint-Albans-WV-25177/22635418_zpid/
DajfNWTo9upP4EFgKWlE,"300 Jonesboro Rd, McDonough, GA 30253",McDonough,GA,30253,14912036,325000,770-771-2808,770-288-3881,Mon Nov 03 2025 10:01:51 GMT-0600 (Central Standard Time),success,"",https://www.zillow.com/homedetails/300-Jonesboro-Rd-McDonough-GA-30253/14912036_zpid/
ERK8fX0wD2rmDPAovECq,"6525 Willow Oak Ct, Fort Worth, TX 76112",Fort Worth,TX,76112,29294203,309000,214-766-5833,214-766-5833,Tue Oct 28 2025 11:11:26 GMT-0500 (Central Daylight Time),success,"",https://www.zillow.com/homedetails/6525-Willow-Oak-Ct-Fort-Worth-TX-76112/29294203_zpid/
ETEmcqUn6crhVUWnKeLQ,"3312 Jonathan Circle Circle, Augusta, GA 30906",Augusta,GA,30906,14975423,180000,706-955-3392,803-220-2049,Tue Oct 28 2025 11:11:28 GMT-0500 (Central Daylight Time),success,"",https://www.zillow.com/homedetails/3312-Jonathan-Cir-Augusta-GA-30906/14975423_zpid/
FJriOmgiBwlUpiwmFszG,"3790 60th St N, Saint Petersburg, FL 33710",Saint Petersburg,FL,33710,47024411,469900,863-400-6090,407-559-2929,Mon Nov 03 2025 14:02:02 GMT-0600 (Central Standard Time),success,"",https://www.zillow.com/homedetails/3790-60th-St-N-Saint-Petersburg-FL-33710/47024411_zpid/
FRg667ZwVmiGOs5eTaNU,"662 NE 8th Pl, Toledo, OR 97391",Toledo,OR,97391,2066462107,199000,541-350-3561,503-353-6673,Tue Oct 28 2025 11:11:39 GMT-0500 (Central Daylight Time),success,"",https://www.zillow.com/homedetails/662-NE-8th-Pl-Toledo-OR-97391/2066462107_zpid/
Fkfu7AK0fHzz6xqWJ3Rx,"910 Menefee, San Antonio, TX 78237",San Antonio,TX,78237,26307235,124900,(210) 383-4899,210-236-8913,Thu Oct 30 2025 05:01:49 GMT-0500 (Central Daylight Time),success,"",https://www.zillow.com/homedetails/910-Menefee-Blvd-San-Antonio-TX-78237/26307235_zpid/
ForPvBeMUU9iWmMtrjNh,"6305 SW Shady Side Ave, Bentonville, AR 72713",Bentonville,AR,72713,70715642,450000,479-790-7230,,Tue Oct 28 2025 11:11:45 GMT-0500 (Central Daylight Time),success,"",https://www.zillow.com/homedetails/6305-SW-Shady-Side-Ave-Bentonville-AR-72713/70715642_zpid/
G2FTs20TqdRrkQKUCsIM,"596 Myers Rd, Winchester, TN 37398",Winchester,TN,37398,41281054,239900,888-219-3009,888-219-3009,Tue Oct 28 2025 11:11:51 GMT-0500 (Central Daylight Time),success,"",https://www.zillow.com/homedetails/596-Myers-Rd-Winchester-TN-37398/41281054_zpid/
GA44yNdyn5TRxa908PCU,"154 Elm St, Dyer, TN 38330",Dyer,TN,38330,41295365,219000,731-414-9139,731-686-9899,Tue Oct 28 2025 11:11:52 GMT-0500 (Central Daylight Time),success,"",https://www.zillow.com/homedetails/154-Elm-St-Dyer-TN-38330/41295365_zpid/
GMwCXhmc3EPIYKZWA1g7,"4768 Royal Ridge Dr, Memphis, TN 38128",Memphis,TN,38128,42282432,95000,901-484-0478,901-820-4367,Tue Oct 28 2025 13:01:22 GMT-0500 (Central Daylight Time),success,"",https://www.zillow.com/homedetails/4768-Royal-Ridge-Dr-Memphis-TN-38128/42282432_zpid/
GmmWY2KnwnQOzytBrz0n,"2628 Oaklawn, Tyler, TX 75701",Tyler,TX,75701,52307180,169000,214-502-9887,888-519-7431,Tue Oct 28 2025 11:12:02 GMT-0500 (Central Daylight Time),success,"",https://www.zillow.com/homedetails/2628-Oaklawn-Tyler-TX-75701/52307180_zpid/
GzsIy1j7OBcsNikrrEwt,"3411 7th Ave, Parkersburg, WV 26101",Parkersburg,WV,26101,23173156,75000,304-542-9350,304-744-2121,Mon Nov 03 2025 08:02:26 GMT-0600 (Central Standard Time),success,"",https://www.zillow.com/homedetails/3411-7th-Ave-Parkersburg-WV-26101/23173156_zpid/
HhzZvPrEDRFVhmrMU0b1,"740 Plains Blackfoot Dr, Socorro, TX 79927",Socorro,TX,79927,2057710523,345000,915-694-7665,915-585-8806,Thu Oct 30 2025 07:02:05 GMT-0500 (Central Daylight Time),success,"",https://www.zillow.com/homedetails/740-Plains-Blackfoot-Dr-Socorro-TX-79927/2057710523_zpid/
I5DqAslHtIwgvEFo9g2K,"3021 Stone Mountain St, Lithonia, GA 30058",Lithonia,GA,30058,14503652,330000,943-291-0265,,Tue Oct 28 2025 11:12:07 GMT-0500 (Central Daylight Time),success,"",https://www.zillow.com/homedetails/3021-Stone-Mountain-St-Lithonia-GA-30058/14503652_zpid/
IWzpWbKhyO50z5wOJeX2,"9591 Abington Ave, Detroit, MI 48227",Detroit,MI,48227,88688515,85000,313-846-0960,313-846-0960,Thu Oct 30 2025 11:00:46 GMT-0500 (Central Daylight Time),success,"",https://www.zillow.com/homedetails/9591-Abington-Ave-Detroit-MI-48227/88688515_zpid/
IXOUT5U1nCKhempJ0msZ,"110 E McNeill Dr, Red Springs, NC 28377",Red Springs,NC,28377,457087691,129900,910-734-3637,910-521-8301,Tue Oct 28 2025 11:12:13 GMT-0500 (Central Daylight Time),success,"",https://www.zillow.com/homedetails/110-E-McNeill-Dr-Red-Springs-NC-28377/457087691_zpid/
JEAlchcIxCDvo15jwZCZ,"349 Cascade Dr, Central Pt, OR 97502",Central Pt,OR,97502,48331150,547000,541-899-7788,541-899-7788,Tue Oct 28 2025 11:12:25 GMT-0500 (Central Daylight Time),success,"",https://www.zillow.com/homedetails/349-Cascade-Dr-Central-Pt-OR-97502/48331150_zpid/
JIE1QbhWXjg1cj5JQD6i,"6380 Bellavia Lane, Panama City, FL 32404",Panama City,FL,32404,2058479150,280000,772-303-3377,772-343-7261,Mon Nov 03 2025 08:02:06 GMT-0600 (Central Standard Time),success,"",https://www.zillow.com/homedetails/6380-Bellavia-Ln-Panama-City-FL-32404/2058479150_zpid/
JRueCeVS8BGExTd25SqZ,"1601 E Optimum Dr, Edinburg, TX 78542",Edinburg,TX,78542,457331919,270000,956-588-7916,956-322-3020,Tue Oct 28 2025 11:12:26 GMT-0500 (Central Daylight Time),success,"",https://www.zillow.com/homedetails/1601-E-Optimum-Dr-Edinburg-TX-78542/457331919_zpid/
JWfHTm3iKU8RT5dPLQAz,"2013 W 99th St, Cleveland, OH 44102",Cleveland,OH,44102,33333232,186000,216-210-7653,440-327-2123,Tue Oct 28 2025 11:12:27 GMT-0500 (Central Daylight Time),success,"",https://www.zillow.com/homedetails/2013-W-99th-St-Cleveland-OH-44102/33333232_zpid/
Jj2rYBDF580AqcaJy80f,"3203 Aden St, Memphis, TN 38127",Memphis,TN,38127,42226329,129900,662-418-7511,901-221-4041,Mon Nov 03 2025 14:01:28 GMT-0600 (Central Standard Time),success,"",https://www.zillow.com/homedetails/3203-Aden-St-Memphis-TN-38127/42226329_zpid/
K73MaKVOJ3VfqksIdDn6,"819 La Salle Ave, Fort Myers, FL 33913",Fort Myers,FL,33913,98371916,285000,409-996-9999,786-989-0099,Wed Oct 29 2025 13:01:30 GMT-0500 (Central Daylight Time),success,"",https://www.zillow.com/homedetails/819-La-Salle-Ave-Fort-Myers-FL-33913/98371916_zpid/
KLlrzEqd8OK4yK8HNyDo,"823 Bitter Creek Cv, Memphis, TN 38127",Memphis,TN,38127,42319635,144900,901-459-2996,901-633-1484,Tue Oct 28 2025 11:12:33 GMT-0500 (Central Daylight Time),success,"",https://www.zillow.com/homedetails/823-Bitter-Creek-Cv-Memphis-TN-38127/42319635_zpid/
KZ0k7dCFRJH3M5NJgqKt,"1009 W Smith St, Peoria, IL 61605",Peoria,IL,61605,5160766,55000,309-258-0543,309-687-5000,Thu Oct 30 2025 09:02:05 GMT-0500 (Central Daylight Time),success,"",https://www.zillow.com/homedetails/1009-W-Smith-St-Peoria-IL-61605/5160766_zpid/
Kekp8FJLL2N2mrVo3yL6,"1110 Sandra St SW, Decatur, AL 35601",Decatur,AL,35601,109621133,250000,804-656-5007,804-656-5007,Tue Oct 28 2025 11:12:39 GMT-0500 (Central Daylight Time),success,"",https://www.zillow.com/homedetails/1110-Sandra-St-SW-Decatur-AL-35601/109621133_zpid/
Lk9B4yMcVHtpHhoSx7d9,"11526 Clifton Forge, San Antonio, TX 78230",San Antonio,TX,78230,2064167315,365000,(210) 901-0149,855-450-0442,Tue Oct 28 2025 11:12:47 GMT-0500 (Central Daylight Time),success,"",https://www.zillow.com/homedetails/11526-Clifton-Frg-San-Antonio-TX-78230/2064167315_zpid/
MQDrWAdb5Zpa9lnan8pm,"5744 Indiana Ave, Kansas City, MO 64130",Kansas City,MO,64130,2361574,89950,816-716-1847,816-524-7272,Tue Nov 04 2025 04:01:25 GMT-0600 (Central Standard Time),success,"",https://www.zillow.com/homedetails/5744-Indiana-Ave-Kansas-City-MO-64130/2361574_zpid/
MatzAgHR1OmZw4wneyGW,"520 Gray St, McLean, TX 79057",McLean,TX,79057,231722462,25000,806-204-0935,806-204-0935,Thu Oct 30 2025 11:00:48 GMT-0500 (Central Daylight Time),success,"",https://www.zillow.com/homedetails/520-Gray-St-McLean-TX-79057/231722462_zpid/
MiJxZwjtB6SWi8waIIgr,"127 Furnish, San Antonio, TX 78204",San Antonio,TX,78204,26128750,369000,(210) 573-9703,210-573-9703,Tue Oct 28 2025 11:12:55 GMT-0500 (Central Daylight Time),success,"",https://www.zillow.com/homedetails/127-Furnish-Ave-San-Antonio-TX-78204/26128750_zpid/
Mjq0TGFAOKON4TC5tQrI,"514 Rice Rd, San Antonio, TX 78220",San Antonio,TX,78220,26276499,75000,(210) 854-6679,210-641-1400,Tue Oct 28 2025 11:12:56 GMT-0500 (Central Daylight Time),success,"",https://www.zillow.com/homedetails/514-Rice-Rd-San-Antonio-TX-78220/26276499_zpid/
MlRcPX3swkN5ju0yQMcD,"15826 Sorrento St, Detroit, MI 48227",Detroit,MI,48227,88590751,110000,248-647-3200,248-647-3200,Tue Oct 28 2025 17:00:54 GMT-0500 (Central Daylight Time),success,"",https://www.zillow.com/homedetails/15826-Sorrento-St-Detroit-MI-48227/88590751_zpid/
MoyjHWBVMYyvnxHW8tdJ,"2005 Lenox St, Harrisburg, PA 17104",Harrisburg,PA,17104,86412557,129995,717-577-0814,7177555599,Tue Oct 28 2025 11:12:58 GMT-0500 (Central Daylight Time),success,"",https://www.zillow.com/homedetails/2005-Lenox-St-Harrisburg-PA-17104/86412557_zpid/
MxhnvLvwYM4U1aCn0AYB,"4058 Sandburg St, Memphis, TN 38128",Memphis,TN,38128,42285223,106000,901-459-2996,901-633-1484,Tue Oct 28 2025 11:13:00 GMT-0500 (Central Daylight Time),success,"",https://www.zillow.com/homedetails/4058-Sandburg-St-Memphis-TN-38128/42285223_zpid/
N5eu0hAjp1UTGbTKDcJj,"2403/2409/2411 Fulton St, Houston, TX 77009",Houston,TX,77009,457531835,690000,832-526-7749,713-862-1600,Tue Oct 28 2025 11:13:01 GMT-0500 (Central Daylight Time),success,"",https://www.zillow.com/homedetails/2403-2409-2411-Fulton-St-Houston-TX-77009/457531835_zpid/
NRTW24C2DG3OSA1v4pid,"19977 Cushing St, Detroit, MI 48205",Detroit,MI,48205,88602325,69900,248-647-3200,248-647-3200,Tue Oct 28 2025 11:13:09 GMT-0500 (Central Daylight Time),success,"",https://www.zillow.com/homedetails/19977-Cushing-St-Detroit-MI-48205/88602325_zpid/
NYhtaApPO7YqCGUwOZ6i,"4975 Springbrook Dr, Douglasville, GA 30135",Douglasville,GA,30135,49818748,155000,943-291-0265,,Tue Oct 28 2025 11:13:12 GMT-0500 (Central Daylight Time),success,"",https://www.zillow.com/homedetails/4975-Springbrook-Dr-Douglasville-GA-30135/49818748_zpid/
Nueqeg3SikTIQVgwOdjJ,"129 Aurora Dr #10, Asheville, NC 28805",Asheville,NC,28805,96327624,395000,karencgleason@gmail.com,828-254-7253,Tue Oct 28 2025 11:13:17 GMT-0500 (Central Daylight Time),success,"",https://www.zillow.com/homedetails/129-Aurora-Dr-10-Asheville-NC-28805/96327624_zpid/
OHLz7fGmhuDbwzJS81n8,"231 Elm St, Hurst, TX 76053",Hurst,TX,76053,28943897,179900,214-662-7648,972-833-2700,Tue Oct 28 2025 11:13:19 GMT-0500 (Central Daylight Time),success,"",https://www.zillow.com/homedetails/231-Elm-St-Hurst-TX-76053/28943897_zpid/
ONnbIiM0bMfNZqIeyYaQ,"1842 Miller Rd, Hummelstown, PA 17036",Hummelstown,PA,17036,86435246,209000,717-577-0814,7177555599,Tue Oct 28 2025 11:13:20 GMT-0500 (Central Daylight Time),success,"",https://www.zillow.com/homedetails/1842-Miller-Rd-Hummelstown-PA-17036/86435246_zpid/
OgKAd2rFUh6azqYF6E3Z,"142 E Lakeshore Dr, Horseshoe Bay, TX 78657",Horseshoe Bay,TX,78657,442601263,540000,(830) 385-6184,(830) 385-6184,Wed Oct 29 2025 17:02:01 GMT-0500 (Central Daylight Time),success,"",https://www.zillow.com/homedetails/142-E-Lakeshore-Dr-Horseshoe-Bay-TX-78657/442601263_zpid/
OpoPpULDwDN80pMgVLuG,"410 E Thrush Ave, Peoria, IL 61603",Peoria,IL,61603,5139204,60000,309-258-0543,309-687-5000,Thu Oct 30 2025 09:02:02 GMT-0500 (Central Daylight Time),success,"",https://www.zillow.com/homedetails/410-E-Thrush-Ave-Peoria-IL-61603/5139204_zpid/
Ort0Q4oRNf8P0h9aDd2m,"1409 Chestnut St, Bastrop, TX 78602",Bastrop,TX,78602,84374693,699000,sarah.raymond@cbrealty.com,(512) 343-7500,Tue Oct 28 2025 11:13:25 GMT-0500 (Central Daylight Time),success,"",https://www.zillow.com/homedetails/1409-Chestnut-St-Bastrop-TX-78602/84374693_zpid/
PIa69yOnQ25tbQw8yhKJ,"603 N Highway 95, Little River Academy, TX 76554",Little River Academy,TX,76554,58210726,219900,254-314-0387,254-718-1618,Mon Nov 03 2025 10:02:22 GMT-0600 (Central Standard Time),success,"",https://www.zillow.com/homedetails/603-N-Highway-95-Little-River-Academy-TX-76554/58210726_zpid/
PnIVyZxWSCk1AoOasyzz,"6711 SW 64th Ave, Ocala, FL 34476",Ocala,FL,34476,338917584,318900,352-861-9600,352-861-9600,Tue Oct 28 2025 11:13:33 GMT-0500 (Central Daylight Time),success,"",https://www.zillow.com/homedetails/6711-SW-64th-Ave-Ocala-FL-34476/338917584_zpid/
PwH9ixntKyd8pAe3p8qu,"108 Snowy Owl Trl, Rhome, TX 76078",Rhome,TX,76078,457230013,496675,214-334-9042,817-731-7595,Tue Oct 28 2025 11:13:39 GMT-0500 (Central Daylight Time),success,"",https://www.zillow.com/homedetails/108-Snowy-Owl-Trl-Rhome-TX-76078/457230013_zpid/
QDmrttd22INFqNFKmgfQ,"3954 Calle Rio De Janeiro, Brownsville, TX 78526",Brownsville,TX,78526,456919860,249900,956-243-3566,956-312-8562,Tue Oct 28 2025 11:13:44 GMT-0500 (Central Daylight Time),success,"",https://www.zillow.com/homedetails/3954-Calle-Rio-De-Janeiro-Brownsville-TX-78526/456919860_zpid/
QXZHxr6jFqYdrs6TEdeX,"4108 Double Tree Rd, Memphis, TN 38109",Memphis,TN,38109,42269916,115000,901-484-0478,901-820-4367,Tue Oct 28 2025 17:01:01 GMT-0500 (Central Daylight Time),success,"",https://www.zillow.com/homedetails/4108-Double-Tree-Rd-Memphis-TN-38109/42269916_zpid/
QvceKnrgMVXVGEVtsNZ8,"3237 Zircon Dr, Edinburg, TX 78541",Edinburg,TX,78541,337151029,269000,956-827-5025,956-322-8478,Tue Oct 28 2025 11:13:52 GMT-0500 (Central Daylight Time),success,"",https://www.zillow.com/homedetails/3237-Zircon-Dr-Edinburg-TX-78541/337151029_zpid/
Qy0lPWSbCfQFIBz5QYJq,"7020 Elm, San Antonio, TX 78244",San Antonio,TX,78244,348720757,159700,(210) 542-4959,210-542-4959,Thu Oct 30 2025 05:02:00 GMT-0500 (Central Daylight Time),success,"",https://www.zillow.com/homedetails/7020-Elm-Cv-San-Antonio-TX-78244/348720757_zpid/
RLo9VzVnl1hbXFlD7hEX,"206 NE Laurel Ave, Myrtle Creek, OR 97457",Myrtle Creek,OR,97457,61055154,125000,541-236-2662,541-236-2662,Tue Oct 28 2025 11:14:00 GMT-0500 (Central Daylight Time),success,"",https://www.zillow.com/homedetails/206-NE-Laurel-Ave-Myrtle-Creek-OR-97457/61055154_zpid/
RWAaRivpushX9VHP9gee,"1439 Caballero, San Antonio, TX 78224",San Antonio,TX,78224,26340354,115000,(210) 857-9971,844-819-1373,Wed Oct 29 2025 17:01:55 GMT-0500 (Central Daylight Time),success,"",https://www.zillow.com/homedetails/1439-Caballero-Dr-San-Antonio-TX-78224/26340354_zpid/
RgWsxBM559EyxNHVd1qO,"5953 110TH Street, Jacksonville, FL 32244",Jacksonville,FL,32244,44494979,180000,904-652-3315,904-410-2000,Tue Oct 28 2025 17:01:03 GMT-0500 (Central Daylight Time),success,"",https://www.zillow.com/homedetails/5953-110th-St-Jacksonville-FL-32244/44494979_zpid/
RhfU4yXtMa6jfuwfGDG4,"1267 Fort Park Blvd, Lincoln Park, MI 48146",Lincoln Park,MI,48146,88660875,184900,734-367-4455,248-620-7200,Tue Oct 28 2025 13:01:25 GMT-0500 (Central Daylight Time),success,"",https://www.zillow.com/homedetails/1267-Fort-Park-Blvd-Lincoln-Park-MI-48146/88660875_zpid/
RqFvzDOBAiEiPLqmh3z3,"3287 Boxdale St, Memphis, TN 38118",Memphis,TN,38118,42236146,130000,901-871-1290,901-756-8900,Thu Oct 30 2025 05:02:03 GMT-0500 (Central Daylight Time),success,"",https://www.zillow.com/homedetails/3287-Boxdale-St-Memphis-TN-38118/42236146_zpid/
Rzl5MZszhN1Q3lixS5at,"4704 Oak Cliff Dr, Austin, TX 78721",Austin,TX,78721,29392675,429000,512.987.1374,(800) 683-5651,Mon Nov 03 2025 14:02:21 GMT-0600 (Central Standard Time),success,"",https://www.zillow.com/homedetails/4704-Oak-Cliff-Dr-Austin-TX-78721/29392675_zpid/
SaD3Y0e1iIeXm9zUzMM3,"3830 Roberts St, Kansas City, MO 64124",Kansas City,MO,64124,2287386,80000,913-594-9333,913-426-5576,Tue Oct 28 2025 11:14:13 GMT-0500 (Central Daylight Time),success,"",https://www.zillow.com/homedetails/3830-Roberts-St-Kansas-City-MO-64124/2287386_zpid/
Scic5pE1DyMKy3U26VOC,"4003 Comanche Rd, Memphis, TN 38118",Memphis,TN,38118,42231766,125000,901-459-2996,901-633-1484,Tue Oct 28 2025 11:14:14 GMT-0500 (Central Daylight Time),success,"",https://www.zillow.com/homedetails/4003-Comanche-Rd-Memphis-TN-38118/42231766_zpid/
Sdbjcky06jixHEaIALPC,"3346 W Woodlawn, San Antonio, TX 78228",San Antonio,TX,78228,26256800,139900,(210) 383-4899,210-236-8913,Wed Oct 29 2025 15:02:24 GMT-0500 (Central Daylight Time),success,"",https://www.zillow.com/homedetails/3346-W-Woodlawn-Ave-San-Antonio-TX-78228/26256800_zpid/
T34lDdqvHJll3MGAe7s3,"3801 La Paloma Dr, San Juan, TX 78589",San Juan,TX,78589,446023629,259000,956-588-5402,956-624-7036,Tue Oct 28 2025 11:14:24 GMT-0500 (Central Daylight Time),success,"",https://www.zillow.com/homedetails/3801-La-Paloma-Dr-San-Juan-TX-78589/446023629_zpid/
TYBTvNNAjzGxmBMoFk1C,"7202 Mill House Dr N, Mobile, AL 36619",Mobile,AL,36619,67732737,199000,251-767-5194,251-348-7220,Thu Oct 30 2025 11:01:02 GMT-0500 (Central Daylight Time),success,"",https://www.zillow.com/homedetails/7202-Mill-House-Dr-N-Mobile-AL-36619/67732737_zpid/
TanJRnCAcohJG3sH3vYC,"4514 Wrangler Run, San Antonio, TX 78223",San Antonio,TX,78223,89608067,234000,(210) 823-4005,979-575-7559,Tue Oct 28 2025 11:14:32 GMT-0500 (Central Daylight Time),success,"",https://www.zillow.com/homedetails/4514-Wrangler-Run-San-Antonio-TX-78223/89608067_zpid/
U3wHkMvgRB7RELXpza19,"1456 Eason Ave, Memphis, TN 38116",Memphis,TN,38116,42262409,133000,901-459-2996,901-633-1484,Tue Oct 28 2025 11:14:41 GMT-0500 (Central Daylight Time),success,"",https://www.zillow.com/homedetails/1456-Eason-Ave-Memphis-TN-38116/42262409_zpid/
UCHech4KDQd42P7FCSDT,"524 Trison Dr, Cincinnati, OH 45233",Cincinnati,OH,45233,2065673948,696900,614-989-7215,614-989-7215,Tue Oct 28 2025 13:01:13 GMT-0500 (Central Daylight Time),success,"",https://www.zillow.com/homedetails/524-Trison-Dr-Cincinnati-OH-45233/2065673948_zpid/
UIcSnKWxirv62PlkfHSq,"134 Beechwood Ave, Norfolk, VA 23505",Norfolk,VA,23505,79226072,252500,757-672-6732,757-495-5500,Wed Oct 29 2025 05:00:58 GMT-0500 (Central Daylight Time),success,"",https://www.zillow.com/homedetails/134-Beechwood-Ave-Norfolk-VA-23505/79226072_zpid/
UT6iWuvEG3FtFDMhDFic,"1560 Delano Ave, Memphis, TN 38127",Memphis,TN,38127,42221200,114000,901-459-2996,901-633-1484,Tue Oct 28 2025 17:01:05 GMT-0500 (Central Daylight Time),success,"",https://www.zillow.com/homedetails/1560-Delano-Ave-Memphis-TN-38127/42221200_zpid/
UWhzbqoYG8OUDGNzYQly,"1900 University Blvd APT 4014, Brownsville, TX 78520",Brownsville,TX,78520,457255693,105000,210-277-9085,956-572-4824,Tue Oct 28 2025 11:14:42 GMT-0500 (Central Daylight Time),success,"",https://www.zillow.com/homedetails/1900-University-Blvd-APT-4014-Brownsville-TX-78520/457255693_zpid/
UbI5d3F77Rc37KJMLoZV,"5539 Greylog Dr, Houston, TX 77048",Houston,TX,77048,28054379,189000,281-444-7071,281-444-7071,Tue Oct 28 2025 11:14:44 GMT-0500 (Central Daylight Time),success,"",https://www.zillow.com/homedetails/5539-Greylog-Dr-Houston-TX-77048/28054379_zpid/
UhGHZm4Mb9XIx6Q4MiFF,"5820 Bluebonnett Dr, Bossier City, LA 71112",Bossier City,LA,71112,109781930,244000,318-210-8216,318-210-8216,Tue Oct 28 2025 11:14:46 GMT-0500 (Central Daylight Time),success,"",https://www.zillow.com/homedetails/5820-Bluebonnett-Dr-Bossier-City-LA-71112/109781930_zpid/
VHzIIstfNPoY8dZbt4Ux,"10200 NE 123rd Ct, Vancouver, WA 98682",Vancouver,WA,98682,124269783,405000,360-606-1578,360-546-2160,Tue Oct 28 2025 11:14:50 GMT-0500 (Central Daylight Time),success,"",https://www.zillow.com/homedetails/10200-NE-123rd-Ct-Vancouver-WA-98682/124269783_zpid/
Ve0nujDgnOn41xYuoDVR,"2930 W Chestnut St, Tampa, FL 33607",Tampa,FL,33607,366567973,560000,813-287-1591,813-287-1591,Tue Oct 28 2025 11:14:53 GMT-0500 (Central Daylight Time),success,"",https://www.zillow.com/homedetails/2930-W-Chestnut-St-Tampa-FL-33607/366567973_zpid/
W9hBV2M4JG5EeZ8SCj16,"1713 Diplomat Dr, Edinburg, TX 78542",Edinburg,TX,78542,2056173593,295000,956-537-6827,956-465-0011,Tue Oct 28 2025 11:14:58 GMT-0500 (Central Daylight Time),success,"",https://www.zillow.com/homedetails/1713-Diplomat-Dr-Edinburg-TX-78542/2056173593_zpid/
WTItBMjcdhLLla8OjosX,"1301 Church Street, Wilmington, NC 28401",Wilmington,NC,28401,54309706,275000,910-297-8403,910-297-8403,Tue Oct 28 2025 11:15:02 GMT-0500 (Central Daylight Time),success,"",https://www.zillow.com/homedetails/1301-Church-St-Wilmington-NC-28401/54309706_zpid/
WsJrhjyfACMdfLsToaOW,"2359 Waverly, San Antonio, TX 78228",San Antonio,TX,78228,26255478,89900,(210) 383-4899,210-236-8913,Tue Nov 04 2025 04:01:26 GMT-0600 (Central Standard Time),success,"",https://www.zillow.com/homedetails/2359-Waverly-Ave-San-Antonio-TX-78228/26255478_zpid/
Wz0gD3zKksb4tPejv9fD,"1164 Moodyville Loop, Byrdstown, TN 38549",Byrdstown,TN,38549,126237507,95000,931-200-2745,931-484-1005,Wed Oct 29 2025 07:01:31 GMT-0500 (Central Daylight Time),success,"",https://www.zillow.com/homedetails/1164-Moodyville-Loop-Byrdstown-TN-38549/126237507_zpid/
WzEKlzs60tCeyCBfYTB9,"4212 Parkchester Ave, Memphis, TN 38118",Memphis,TN,38118,42231996,120000,901-871-1290,901-756-8900,Thu Oct 30 2025 05:01:55 GMT-0500 (Central Daylight Time),success,"",https://www.zillow.com/homedetails/4212-Parkchester-Ave-Memphis-TN-38118/42231996_zpid/
X4TkySnBTLWoNN6A1I0u,"4025 Emerald Dr, Mesquite, TX 75150",Mesquite,TX,75150,27155688,311100,888-227-1009,888-227-1009,Tue Oct 28 2025 11:15:11 GMT-0500 (Central Daylight Time),success,"",https://www.zillow.com/homedetails/4025-Emerald-Dr-Mesquite-TX-75150/27155688_zpid/
XMy2WpwpBSrrNtLkFLvp,"2966 N Gemini Meadows Ln, Cedar City, UT 84721",Cedar City,UT,84721,241724906,410000,435-865-7500,435-865-7500,Tue Oct 28 2025 11:15:16 GMT-0500 (Central Daylight Time),success,"",https://www.zillow.com/homedetails/2966-N-Gemini-Meadows-Ln-Cedar-City-UT-84721/241724906_zpid/
XcSAytk1R3KhJ8Ly7eFz,"1829 Saint Charles Ct SW, Birmingham, AL 35211",Birmingham,AL,35211,997964,103000,205-209-2421,205-822-2272,Wed Oct 29 2025 05:00:41 GMT-0500 (Central Daylight Time),success,"",https://www.zillow.com/homedetails/1829-Saint-Charles-Ct-SW-Birmingham-AL-35211/997964_zpid/
XhGdm0xA6wk3ep1vRHAe,"11828 LUCKEY FALLS, San Antonio, TX 78252",San Antonio,TX,78252,125314053,269900,(210) 387-0187,210-844-8683,Tue Oct 28 2025 11:15:21 GMT-0500 (Central Daylight Time),success,"",https://www.zillow.com/homedetails/11828-Luckey-Fls-San-Antonio-TX-78252/125314053_zpid/
XiLi5PON9rN9XXD2l2RR,"1605 SE 62nd St, Oklahoma City, OK 73149",Oklahoma City,OK,73149,22008813,135000,918-384-8765,405-674-6290,Tue Nov 04 2025 06:01:42 GMT-0600 (Central Standard Time),success,"",https://www.zillow.com/homedetails/1605-SE-62nd-St-Oklahoma-City-OK-73149/22008813_zpid/
XpW0JgaMDrOZ8LPk3lsC,"1512 Sherman St SE, Decatur, AL 35601",Decatur,AL,35601,109675692,150000,804-656-5007,804-656-5007,Tue Oct 28 2025 11:15:24 GMT-0500 (Central Daylight Time),success,"",https://www.zillow.com/homedetails/1512-Sherman-St-SE-Decatur-AL-35601/109675692_zpid/
YGP6lvJHl1aXqyIoFrL4,"1218 Stratton Dr, Corpus Christi, TX 78412",Corpus Christi,TX,78412,28803470,235000,877-897-7275,877-897-7275,Tue Oct 28 2025 11:15:28 GMT-0500 (Central Daylight Time),success,"",https://www.zillow.com/homedetails/1218-Stratton-Dr-Corpus-Christi-TX-78412/28803470_zpid/
YGZ37tYBVY73EbBihioj,"2702 S Collins St, Mobile, AL 36606",Mobile,AL,36606,51018746,105000,251-209-7371,,Thu Oct 30 2025 07:01:53 GMT-0500 (Central Daylight Time),success,"",https://www.zillow.com/homedetails/2702-S-Collins-St-Mobile-AL-36606/51018746_zpid/
YX3SGTUbfsCOgA4gnqzB,"733 Spruce St, Hampton, VA 23661",Hampton,VA,23661,449409882,179000,757-672-6732,757-495-5500,Wed Oct 29 2025 07:01:25 GMT-0500 (Central Daylight Time),success,"",https://www.zillow.com/homedetails/733-Spruce-St-Hampton-VA-23661/449409882_zpid/
YgsEBm2X8JTkYFie9q74,"91 Sunset Dr, Hanover, PA 17331",Hanover,PA,17331,60484762,339995,717-577-0814,7177555599,Wed Oct 29 2025 11:01:17 GMT-0500 (Central Daylight Time),success,"",https://www.zillow.com/homedetails/91-Sunset-Dr-Hanover-PA-17331/60484762_zpid/
Z3IEHQ4xHh0wzqcbRZGe,"2764 S 117th East Ave, Tulsa, OK 74129",Tulsa,OK,74129,434221455,235000,918-633-9547,918-633-9547,Tue Oct 28 2025 15:01:56 GMT-0500 (Central Daylight Time),success,"",https://www.zillow.com/homedetails/2764-S-117th-East-Ave-Tulsa-OK-74129/434221455_zpid/
ZMLRSvLeCjULR5wzYy6O,"3794 W Donna Dr, Memphis, TN 38127",Memphis,TN,38127,444624116,130000,901-692-7401,901-853-1118,Tue Oct 28 2025 11:15:39 GMT-0500 (Central Daylight Time),success,"",https://www.zillow.com/homedetails/3794-W-Donna-Dr-Memphis-TN-38127/444624116_zpid/
ZZ85gbUlN1FA3wKyYHMb,"1205 Old Main St, Newton, KS 67114",Newton,KS,67114,1338571,95000,316-681-1313,316-681-1313,Wed Oct 29 2025 07:01:17 GMT-0500 (Central Daylight Time),success,"",https://www.zillow.com/homedetails/1205-Old-Main-St-Newton-KS-67114/1338571_zpid/
ZZUTnOjtSmKsuBZHaFXC,"3330 Calle Bolivia, Brownsville, TX 78526",Brownsville,TX,78526,123725217,349000,956-867-1565,956-867-1565,Tue Oct 28 2025 11:15:44 GMT-0500 (Central Daylight Time),success,"",https://www.zillow.com/homedetails/3330-Calle-Bolivia-Brownsville-TX-78526/123725217_zpid/
ZiFmobpzureg9naROsIg,"11970 Osprey Ave, Weeki Wachee, FL 34614",Weeki Wachee,FL,34614,103403156,342900,352-200-0328,352-688-9990,Tue Oct 28 2025 11:15:45 GMT-0500 (Central Daylight Time),success,"",https://www.zillow.com/homedetails/11970-Osprey-Ave-Weeki-Wachee-FL-34614/103403156_zpid/
amKC2s6KBElcnJ9Q4E9r,"15074 Mayfield St, Detroit, MI 48205",Detroit,MI,48205,88347906,69900,313-277-7777,734-404-8800,Tue Oct 28 2025 15:01:53 GMT-0500 (Central Daylight Time),success,"",https://www.zillow.com/homedetails/15074-Mayfield-St-Detroit-MI-48205/88347906_zpid/
aswROOEv1qgYeHWt9Q8L,"507 Pecan Valley, San Antonio, TX 78220",San Antonio,TX,78220,26269642,140000,(210) 854-6679,210-641-1400,Tue Oct 28 2025 11:15:55 GMT-0500 (Central Daylight Time),success,"",https://www.zillow.com/homedetails/507-Pecan-Valley-Dr-San-Antonio-TX-78220/26269642_zpid/
bl9dTtOKKOu9J6sYk32X,"131 Hilltop Dr, Trinidad, TX 75163",Trinidad,TX,75163,443033294,790000,903-340-8590,903-340-8590,Tue Oct 28 2025 11:16:08 GMT-0500 (Central Daylight Time),success,"",https://www.zillow.com/homedetails/131-Hilltop-Dr-Trinidad-TX-75163/443033294_zpid/
bweQMv3NWYrT8qiaQmr7,"555 Highway 197 N, Clarkesville, GA 30523",Clarkesville,GA,30523,89913926,469900,706-200-2210,706-865-6900,Wed Oct 29 2025 05:00:41 GMT-0500 (Central Daylight Time),success,"",https://www.zillow.com/homedetails/555-Highway-197-N-Clarkesville-GA-30523/89913926_zpid/
cjYTg8lpBbnV9A4YG25K,"1876 Coventry Dr, Memphis, TN 38127",Memphis,TN,38127,42222730,136000,662-418-7511,901-221-4041,Tue Oct 28 2025 11:16:20 GMT-0500 (Central Daylight Time),success,"",https://www.zillow.com/homedetails/1876-Coventry-Dr-Memphis-TN-38127/42222730_zpid/
ctnLEgRggbfkpR4iYIjL,"2413 Trice Ave, Waco, TX 76707",Waco,TX,76707,52102416,199000,254-870-4044,254-870-4044,Tue Oct 28 2025 11:16:22 GMT-0500 (Central Daylight Time),success,"",https://www.zillow.com/homedetails/2413-Trice-Ave-Waco-TX-76707/52102416_zpid/
dhoGTW7riJByyahy1qCX,"23491 Harper Ave, Punta Gorda, FL 33980",Punta Gorda,FL,33980,43566477,229000,941-681-8513,941-205-0888,Wed Oct 29 2025 05:00:56 GMT-0500 (Central Daylight Time),success,"",https://www.zillow.com/homedetails/23491-Harper-Ave-Punta-Gorda-FL-33980/43566477_zpid/
eAfl1oYmY4ccpT6uapP5,"10906 Jackson St, Omaha, NE 68154",Omaha,NE,68154,75778851,159000,402-214-6474,402-493-4663,Wed Oct 29 2025 07:01:21 GMT-0500 (Central Daylight Time),success,"",https://www.zillow.com/homedetails/10906-Jackson-St-Omaha-NE-68154/75778851_zpid/
egwAwN8ahpiTS9YxxC3f,"1338 Dunnavant St, Memphis, TN 38106",Memphis,TN,38106,62859394,59900,901-871-1290,901-756-8900,Tue Oct 28 2025 15:02:00 GMT-0500 (Central Daylight Time),success,"",https://www.zillow.com/homedetails/1338-Dunnavant-St-Memphis-TN-38106/62859394_zpid/
evFivi99aRsnCvULQpUw,"2205 Julia Ave, Charlotte, NC 28206",Charlotte,NC,28206,338431413,309000,kayla@nestlewoodrealty.com,704-302-4464,Wed Oct 29 2025 09:01:08 GMT-0500 (Central Daylight Time),success,"",https://www.zillow.com/homedetails/2205-Julia-Ave-Charlotte-NC-28206/338431413_zpid/
f1LYYQrwbJ8D2eNdBXca,"25187 Ethan St, Cashion, OK 73016",Cashion,OK,73016,440931227,363000,405-613-8388,405-613-8388,Tue Oct 28 2025 11:16:41 GMT-0500 (Central Daylight Time),success,"",https://www.zillow.com/homedetails/25187-Ethan-St-Cashion-OK-73016/440931227_zpid/
f7avXOGXqcPBBHC1Qrzx,"958 Birch St, Memphis, TN 38108",Memphis,TN,38108,42177898,129000,662-418-7511,901-221-4041,Tue Oct 28 2025 17:00:56 GMT-0500 (Central Daylight Time),success,"",https://www.zillow.com/homedetails/958-Birch-St-Memphis-TN-38108/42177898_zpid/
fXihKE00XjUA6awzZAen,"10897 Lakepointe St, Detroit, MI 48224",Detroit,MI,48224,88469867,90000,248-647-3200,248-647-3200,Tue Oct 28 2025 17:01:11 GMT-0500 (Central Daylight Time),success,"",https://www.zillow.com/homedetails/10897-Lakepointe-St-Detroit-MI-48224/88469867_zpid/
fghC0QMh3NWDRmbky7SC,"512 Monroe Dr NW, Decatur, AL 35601",Decatur,AL,35601,109553160,180000,239-600-1301,256-759-3161,Tue Oct 28 2025 11:16:49 GMT-0500 (Central Daylight Time),success,"",https://www.zillow.com/homedetails/512-Monroe-Dr-NW-Decatur-AL-35601/109553160_zpid/
fzFvoystNL5HD41vPOkN,"6713 Daniels Walk, Cincinnati, OH 45233",Cincinnati,OH,45233,306434270,534900,614-989-7215,614-989-7215,Wed Oct 29 2025 05:00:43 GMT-0500 (Central Daylight Time),success,"",https://www.zillow.com/homedetails/6713-Daniels-Walk-Cincinnati-OH-45233/306434270_zpid/
g5CFwNxgwkq8OhDrqlBs,"1021 Flagler Ave, Edgewater, FL 32132",Edgewater,FL,32132,446873913,275000,407-509-7995,352-242-3939,Tue Oct 28 2025 11:16:52 GMT-0500 (Central Daylight Time),success,"",https://www.zillow.com/homedetails/1021-Flagler-Ave-Edgewater-FL-32132/446873913_zpid/
gY0ciqeAbFTw9rml1b3L,"14303 Rosemary St, Detroit, MI 48213",Detroit,MI,48213,88534786,68900,248-647-3200,248-647-3200,Wed Oct 29 2025 09:01:09 GMT-0500 (Central Daylight Time),success,"",https://www.zillow.com/homedetails/14303-Rosemary-St-Detroit-MI-48213/88534786_zpid/
gbLmEoJeljIgFdrZlUww,"3213 Applewood Cv, Memphis, TN 38118",Memphis,TN,38118,42345748,130000,901-459-2996,901-633-1484,Tue Oct 28 2025 11:17:01 GMT-0500 (Central Daylight Time),success,"",https://www.zillow.com/homedetails/3213-Applewood-Cv-Memphis-TN-38118/42345748_zpid/
h8jSMUHHhUjxFyL4l4bw,"109 Snowy Owl Trl, Rhome, TX 76078",Rhome,TX,76078,457229323,479125,214-334-9042,817-731-7595,Tue Oct 28 2025 11:17:07 GMT-0500 (Central Daylight Time),success,"",https://www.zillow.com/homedetails/109-Snowy-Owl-Trl-Rhome-TX-76078/457229323_zpid/
hZmHaQq4dCVT40HEvy8L,"1035 Rodey Ave, Charlotte, NC 28206",Charlotte,NC,28206,6184176,295000,melissa@mgastonrealty.com,704-890-5017,Tue Oct 28 2025 11:17:13 GMT-0500 (Central Daylight Time),success,"",https://www.zillow.com/homedetails/1035-Rodey-Ave-Charlotte-NC-28206/6184176_zpid/
hcnLDstp8VwaFXVyti2D,"1156 NW 91st St, Oklahoma City, OK 73114",Oklahoma City,OK,73114,21948364,145000,918-384-8765,405-674-6290,Mon Nov 03 2025 10:02:24 GMT-0600 (Central Standard Time),success,"",https://www.zillow.com/homedetails/1156-NW-91st-St-Oklahoma-City-OK-73114/21948364_zpid/
hnwDk6ugD1WzEgPwiUeM,"801 Ala Dr, Fort Worth, TX 76108",Fort Worth,TX,76108,247403004,99817,817-797-9047,817-809-3513,Wed Oct 29 2025 11:01:28 GMT-0500 (Central Daylight Time),success,"",https://www.zillow.com/homedetails/801-Ala-Dr-Fort-Worth-TX-76108/247403004_zpid/
i1AdPSVSYk32xc8K3OEv,"5018 Horn Lake Rd, Memphis, TN 38109",Memphis,TN,38109,42251032,90000,901-484-0478,901-820-4367,Tue Oct 28 2025 15:01:57 GMT-0500 (Central Daylight Time),success,"",https://www.zillow.com/homedetails/5018-Horn-Lake-Rd-Memphis-TN-38109/42251032_zpid/
i6MA1jzCMA73hZhfhJZg,"8816 oakbrook, San Antonio, TX 78221",San Antonio,TX,78221,26333391,204000,(210) 823-4005,979-575-7559,Tue Oct 28 2025 11:17:18 GMT-0500 (Central Daylight Time),success,"",https://www.zillow.com/homedetails/8816-Oakbrook-St-San-Antonio-TX-78221/26333391_zpid/
iY8Hml3mQZrYxeadzzQv,"1259 Wexford Ln, Cincinnati, OH 45233",Cincinnati,OH,45233,311528038,540900,614-989-7215,614-989-7215,Tue Oct 28 2025 11:17:26 GMT-0500 (Central Daylight Time),success,"",https://www.zillow.com/homedetails/1259-Wexford-Ln-Cincinnati-OH-45233/311528038_zpid/
iolihPKW05krEdLoLQ5B,"4238 Commercial, San Antonio, TX 78221",San Antonio,TX,78221,26283271,270000,(210) 647-6557,210-647-6557,Tue Oct 28 2025 11:17:31 GMT-0500 (Central Daylight Time),success,"",https://www.zillow.com/homedetails/4238-Commercial-Ave-San-Antonio-TX-78221/26283271_zpid/
iourzeMJAq5rjiKdJWiK,"2214 Wakefield Ave, Bossier City, LA 71111",Bossier City,LA,71111,109812761,119000,318-210-8216,318-210-8216,Tue Oct 28 2025 11:17:32 GMT-0500 (Central Daylight Time),success,"",https://www.zillow.com/homedetails/2214-Wakefield-Ave-Bossier-City-LA-71111/109812761_zpid/
j6hpO1Zo6UvZcTwUgehm,"12227 Luckey Summit, San Antonio, TX 78252",San Antonio,TX,78252,124397071,290000,(210) 376-8255,210-376-8255,Tue Nov 04 2025 06:02:02 GMT-0600 (Central Standard Time),success,"",https://www.zillow.com/homedetails/12227-Luckey-Smt-San-Antonio-TX-78252/124397071_zpid/
jIuhL0H47dtC4n0EgBFt,"6201 California Ave, Nashville, TN 37209",Nashville,TN,37209,41112134,440000,314-435-7394,615-771-6620,Wed Oct 29 2025 11:01:16 GMT-0500 (Central Daylight Time),success,"",https://www.zillow.com/homedetails/6201-California-Ave-Nashville-TN-37209/41112134_zpid/
jbv6UXa10AqA9x7wDHwF,"11827 Gallery View, San Antonio, TX 78249",San Antonio,TX,78249,450129557,259700,(210) 542-4959,210-542-4959,Wed Oct 29 2025 15:02:17 GMT-0500 (Central Daylight Time),success,"",https://www.zillow.com/homedetails/11827-Gallery-Vw-San-Antonio-TX-78249/450129557_zpid/
jj2zOXoUCDHYPo7XiXSU,"4682 Bullock Ln, Loganville, GA 30052",Loganville,GA,30052,49899368,295000,943-291-0265,,Tue Oct 28 2025 11:17:38 GMT-0500 (Central Daylight Time),success,"",https://www.zillow.com/homedetails/4682-Bullock-Ln-Loganville-GA-30052/49899368_zpid/
jqoTaBsB3wNmXPJfnJXY,"44 Hill St, Tonawanda, NY 14150",Tonawanda,NY,14150,30227744,180000,435-258-8025,,Tue Oct 28 2025 11:17:39 GMT-0500 (Central Daylight Time),success,"",https://www.zillow.com/homedetails/44-Hill-St-Tonawanda-NY-14150/30227744_zpid/
k03RbYbriB4qzzEgc9WM,"1000 N Elliott St, Evansville, IN 47711",Evansville,IN,47711,77070866,175000,812-204-1147,812-454-0989,Wed Oct 29 2025 05:00:42 GMT-0500 (Central Daylight Time),success,"",https://www.zillow.com/homedetails/1000-N-Elliott-St-Evansville-IN-47711/77070866_zpid/
kG3Hp35bmpfE6grQBCaF,"1113 Rosewood Dr, Clovis, NM 88101",Clovis,NM,88101,194286007,268000,888-881-4118,888-881-4118,Tue Oct 28 2025 11:17:45 GMT-0500 (Central Daylight Time),success,"",https://www.zillow.com/homedetails/1113-Rosewood-Dr-Clovis-NM-88101/194286007_zpid/
kIaBJF2YWza6llZnvIu9,"223 Robin Cir, East Spencer, NC 28144",East Spencer,NC,28144,93067256,315000,angie@monarchgrouprealestate.com,704-318-5494,Wed Oct 29 2025 05:01:02 GMT-0500 (Central Daylight Time),success,"",https://www.zillow.com/homedetails/223-Robin-Cir-East-Spencer-NC-28144/93067256_zpid/
kQSmryZ5dYWAtXxYDbUG,"6833 Wanda Ave, Saint Louis, MO 63116",Saint Louis,MO,63116,3015905,145000,314-356-1103,866-224-1761,Tue Oct 28 2025 11:17:47 GMT-0500 (Central Daylight Time),success,"",https://www.zillow.com/homedetails/6833-Wanda-Ave-Saint-Louis-MO-63116/3015905_zpid/
kYfjk7ZMUorokjHF1hfs,"3130 smoke, San Antonio, TX 78245",San Antonio,TX,78245,26197035,209700,(210) 542-4959,210-542-4959,Wed Oct 29 2025 13:01:24 GMT-0500 (Central Daylight Time),success,"",https://www.zillow.com/homedetails/3130-Smoke-Crk-San-Antonio-TX-78245/26197035_zpid/
l70nBvA93kuw49L9V3q1,"6823 Piney River Rd N, Bon Aqua, TN 37025",Bon Aqua,TN,37025,447905106,799000,615-499-0348,615-446-8840,Wed Oct 29 2025 11:01:24 GMT-0500 (Central Daylight Time),success,"",https://www.zillow.com/homedetails/6823-Piney-River-Rd-N-Bon-Aqua-TN-37025/447905106_zpid/
l8a4XbZlMVMzowH1hJt7,"150 Brandywine Trl, Rhome, TX 76078",Rhome,TX,76078,457230289,539900,214-334-9042,817-731-7595,Tue Oct 28 2025 17:00:57 GMT-0500 (Central Daylight Time),success,"",https://www.zillow.com/homedetails/150-Brandywine-Trl-Rhome-TX-76078/457230289_zpid/
lJVcgBecFpnLQAwdAPEP,"3256 Denver St, Memphis, TN 38127",Memphis,TN,38127,42226189,122000,901-459-2996,901-633-1484,Tue Oct 28 2025 13:01:12 GMT-0500 (Central Daylight Time),success,"",https://www.zillow.com/homedetails/3256-Denver-St-Memphis-TN-38127/42226189_zpid/
lXSupeE8gpOe32udbyeQ,"6723 Daniels Walk, Cincinnati, OH 45233",Cincinnati,OH,45233,337823469,570000,614-989-7215,614-989-7215,Wed Oct 29 2025 05:00:39 GMT-0500 (Central Daylight Time),success,"",https://www.zillow.com/homedetails/6723-Daniels-Walk-Cincinnati-OH-45233/337823469_zpid/
lizeKZ9zHbvDxbnqygqv,"309 E Milam St, Ennis, TX 75119",Ennis,TX,75119,67629333,165000,469-658-5506,469-658-5506,Tue Oct 28 2025 11:17:58 GMT-0500 (Central Daylight Time),success,"",https://www.zillow.com/homedetails/309-E-Milam-St-Ennis-TX-75119/67629333_zpid/
lwvO6Jc8TmKNsGzDgccW,"656 E 126th St, Cleveland, OH 44108",Cleveland,OH,44108,33391743,60000,216-236-8849,440-318-1620,Wed Oct 29 2025 15:01:52 GMT-0500 (Central Daylight Time),success,"",https://www.zillow.com/homedetails/656-E-126th-St-Cleveland-OH-44108/33391743_zpid/
lyDYof8xhlhr40z7OfGF,"109 N Heights Dr, Crowley, TX 76036",Crowley,TX,76036,29069540,255000,888-519-7431,888-519-7431,Tue Oct 28 2025 11:18:02 GMT-0500 (Central Daylight Time),success,"",https://www.zillow.com/homedetails/109-N-Heights-Dr-Crowley-TX-76036/29069540_zpid/
m74bKz4F4SqEh8WLcCaJ,"15766 Cruse St, Detroit, MI 48227",Detroit,MI,48227,88633752,110000,248-647-3200,248-647-3200,Wed Oct 29 2025 05:00:47 GMT-0500 (Central Daylight Time),success,"",https://www.zillow.com/homedetails/15766-Cruse-St-Detroit-MI-48227/88633752_zpid/
mF8qTq3FfLgqTzyNMGny,"3457 Spreading Oak Dr SW, Atlanta, GA 30311",Atlanta,GA,30311,35873039,215000,943-291-0265,,Tue Oct 28 2025 11:18:04 GMT-0500 (Central Daylight Time),success,"",https://www.zillow.com/homedetails/3457-Spreading-Oak-Dr-SW-Atlanta-GA-30311/35873039_zpid/
mQ4LhFOExdaQjzar0mCf,"504 S Concho St, Coleman, TX 76834",Coleman,TX,76834,444729774,52000,214-274-4533,214-274-4533,Thu Oct 30 2025 05:01:58 GMT-0500 (Central Daylight Time),success,"",https://www.zillow.com/homedetails/504-S-Concho-St-Coleman-TX-76834/444729774_zpid/
mQNjjRh3vxrqFwYvedsT,"6916 Lagrange Pines Dr, Cordova, TN 38018",Cordova,TN,38018,89195711,215000,901-461-6828,901-271-7077,Tue Oct 28 2025 11:18:06 GMT-0500 (Central Daylight Time),success,"",https://www.zillow.com/homedetails/6916-Lagrange-Pines-Dr-Cordova-TN-38018/89195711_zpid/
mXnzQHVVJengB9ptDlie,"411 Legette, Seguin, TX 78155",Seguin,TX,78155,49569069,129700,(210) 542-4959,210-542-4959,Wed Oct 29 2025 09:01:15 GMT-0500 (Central Daylight Time),success,"",https://www.zillow.com/homedetails/411-Legette-St-Seguin-TX-78155/49569069_zpid/
nE49gCIbyGvHvg6oDTjo,"854 Bentley Dr, Fairburn, GA 30213",Fairburn,GA,30213,2068424069,336000,770-231-4878,770-907-0525,Tue Oct 28 2025 15:02:05 GMT-0500 (Central Daylight Time),success,"",https://www.zillow.com/homedetails/854-Bentley-Dr-Fairburn-GA-30213/2068424069_zpid/
nMOYMJLfR3lfbueu5bAU,"C 622nd Ave, Bogalusa, LA 70427",Bogalusa,LA,70427,457678417,65000,985-634-0693,985-400-5192,Thu Oct 30 2025 09:01:37 GMT-0500 (Central Daylight Time),success,"",https://www.zillow.com/homedetails/C-622nd-Ave-Bogalusa-LA-70427/457678417_zpid/
oZidd3nfsDN6Ja1KZPVo,"1709 Navidad St, Victoria, TX 77901",Victoria,TX,77901,216842083,130000,361-550-0632,,Thu Oct 30 2025 07:02:03 GMT-0500 (Central Daylight Time),success,"",https://www.zillow.com/homedetails/1709-Navidad-St-Victoria-TX-77901/216842083_zpid/
ojw409fwLxyXyT0wMD7K,"86 S Osceola St, Beverly Hills, FL 34465",Beverly Hills,FL,34465,43619988,225000,352-422-5371,,Tue Oct 28 2025 11:18:33 GMT-0500 (Central Daylight Time),success,"",https://www.zillow.com/homedetails/86-S-Osceola-St-Beverly-Hills-FL-34465/43619988_zpid/
ow7A4aynl5fv3nolCQBb,"2831 Redwing Rd, Memphis, TN 38118",Memphis,TN,38118,42231726,97000,901-459-2996,901-633-1484,Tue Oct 28 2025 11:18:35 GMT-0500 (Central Daylight Time),success,"",https://www.zillow.com/homedetails/2831-Redwing-Rd-Memphis-TN-38118/42231726_zpid/
p4kJ1GurdeYiVkLog5aB,"141 Corbyn Cir, Tuscola, TX 79562",Tuscola,TX,79562,443006955,446500,325-721-8551,325-750-6188,Tue Oct 28 2025 11:18:38 GMT-0500 (Central Daylight Time),success,"",https://www.zillow.com/homedetails/141-Corbyn-Cir-Tuscola-TX-79562/443006955_zpid/
p8p2s4nmC2NajBfseFsb,"618 W Washington Street, Quincy, FL 32351",Quincy,FL,32351,44766437,279000,772-303-3377,772-343-7261,Tue Oct 28 2025 11:18:39 GMT-0500 (Central Daylight Time),success,"",https://www.zillow.com/homedetails/618-W-Washington-St-Quincy-FL-32351/44766437_zpid/
pfZLl7ke3CoToYkTqJdI,"107 High St, Buffalo, WV 25033",Buffalo,WV,25033,22984396,99000,304-552-1599,304-201-7653,Mon Nov 03 2025 08:02:28 GMT-0600 (Central Standard Time),success,"",https://www.zillow.com/homedetails/107-High-St-Buffalo-WV-25033/22984396_zpid/
pp9wrKTJ1bSacy39OZKs,"231 Wilkinson St, Shreveport, LA 71104",Shreveport,LA,71104,51335155,45000,318-210-8216,318-210-8216,Thu Oct 30 2025 07:01:55 GMT-0500 (Central Daylight Time),success,"",https://www.zillow.com/homedetails/231-Wilkinson-St-Shreveport-LA-71104/51335155_zpid/
pvUO26Oz9BXZPpdOtbCB,"8106 Fawn Ave, Saint Louis, MO 63144",Saint Louis,MO,63144,2784374,257000,314-356-1103,866-224-1761,Tue Oct 28 2025 13:01:05 GMT-0500 (Central Daylight Time),success,"",https://www.zillow.com/homedetails/8106-Fawn-Ave-Saint-Louis-MO-63144/2784374_zpid/
pz6YcCxIj6lyEEny21Oc,"10390 Short Rd, Harrison, OH 45030",Harrison,OH,45030,337824231,454900,614-989-7215,614-989-7215,Tue Oct 28 2025 11:18:51 GMT-0500 (Central Daylight Time),success,"",https://www.zillow.com/homedetails/10390-Short-Rd-Harrison-OH-45030/337824231_zpid/
q4PJ1tClBDSwwkLyuY7y,"3730 E Davis Rd, Edinburg, TX 78542",Edinburg,TX,78542,108848986,480000,956-970-2340,956-280-0405,Wed Oct 29 2025 07:01:19 GMT-0500 (Central Daylight Time),success,"",https://www.zillow.com/homedetails/3730-E-Davis-Rd-Edinburg-TX-78542/108848986_zpid/
q7e93xF5UCb2yjyMIAeU,"1493 Oaklawn St, Memphis, TN 38114",Memphis,TN,38114,42143535,75000,901-871-1290,901-756-8900,Tue Oct 28 2025 11:18:56 GMT-0500 (Central Daylight Time),success,"",https://www.zillow.com/homedetails/1493-Oaklawn-St-Memphis-TN-38114/42143535_zpid/
qA1Z6WuOwSg8IfX1zB3B,"228 Sheffield Dr, York, SC 29745",York,SC,29745,71251552,295000,nielsanderson@gmail.com,704-916-9701,Wed Oct 29 2025 13:01:21 GMT-0500 (Central Daylight Time),success,"",https://www.zillow.com/homedetails/228-Sheffield-Dr-York-SC-29745/71251552_zpid/
qN4op7WdQL7E6mWacqMn,"9400 Meyers Rd, Detroit, MI 48228",Detroit,MI,48228,88711357,99999,313-846-0960,313-846-0960,Thu Oct 30 2025 11:00:55 GMT-0500 (Central Daylight Time),success,"",https://www.zillow.com/homedetails/9400-Meyers-Rd-Detroit-MI-48228/88711357_zpid/
qj67TGigYy5wX47rv0Fu,"814 N Merton St, Memphis, TN 38112",Memphis,TN,38112,42178192,134900,901-503-3947,888-519-5113,Mon Nov 03 2025 14:02:19 GMT-0600 (Central Standard Time),success,"",https://www.zillow.com/homedetails/814-N-Merton-St-Memphis-TN-38112/42178192_zpid/
r4VHt52YETUrVzrziZhC,"4700 Boulder Dr, Midland, TX 79707",Midland,TX,79707,50129959,95000,432-444-3984,432-279-0114,Tue Oct 28 2025 11:19:07 GMT-0500 (Central Daylight Time),success,"",https://www.zillow.com/homedetails/4700-Boulder-Dr-Midland-TX-79707/50129959_zpid/
r86FheUXnyBF0CK34x1E,"15504 Oleander Dr, Charlotte, NC 28278",Charlotte,NC,28278,166979603,765000,ctotherow@paraclerealty.com,803-325-8774,Thu Oct 30 2025 05:01:53 GMT-0500 (Central Daylight Time),success,"",https://www.zillow.com/homedetails/15504-Oleander-Dr-Charlotte-NC-28278/166979603_zpid/
rP29Xv9MsKBQdJVGAak0,"2513 N Carroll Ct, Villa Rica, GA 30180",Villa Rica,GA,30180,69917553,200000,770-912-3263,,Tue Oct 28 2025 11:19:10 GMT-0500 (Central Daylight Time),success,"",https://www.zillow.com/homedetails/2513-N-Carroll-Ct-Villa-Rica-GA-30180/69917553_zpid/
rQpA7A9vgNdJApPGXgID,"80 Mills Gap Rd, Asheville, NC 28803",Asheville,NC,28803,295555706,325000,ClarissaSellsWNC@gmail.com,888-584-9431,Wed Oct 29 2025 11:01:21 GMT-0500 (Central Daylight Time),success,"",https://www.zillow.com/homedetails/80-Mills-Gap-Rd-Asheville-NC-28803/295555706_zpid/
rs6kFNAp2BnPC8dknpKN,"3612 Arbuckle Dr, Plano, TX 75075",Plano,TX,75075,26591332,635000,409-996-9999,409-766-1111,Mon Nov 03 2025 08:02:35 GMT-0600 (Central Standard Time),success,"",https://www.zillow.com/homedetails/3612-Arbuckle-Dr-Plano-TX-75075/26591332_zpid/
sBqxjU0IOHRhfPMxtjut,"3190 Applewood Cv, Memphis, TN 38118",Memphis,TN,38118,42345739,160000,901-459-2996,901-633-1484,Tue Oct 28 2025 15:01:51 GMT-0500 (Central Daylight Time),success,"",https://www.zillow.com/homedetails/3190-Applewood-Cv-Memphis-TN-38118/42345739_zpid/
sSmQts7VpeoMFD6CFM8F,"1328 SW 28th St, Oklahoma City, OK 73108",Oklahoma City,OK,73108,21895369,140000,405-808-3606,405-674-6290,Mon Nov 03 2025 16:02:14 GMT-0600 (Central Standard Time),success,"",https://www.zillow.com/homedetails/1328-SW-28th-St-Oklahoma-City-OK-73108/21895369_zpid/
srGkggl4GhqzHyFFikzP,"18668 Warwick St, Detroit, MI 48219",Detroit,MI,48219,88478441,89999,313-846-0960,313-846-0960,Thu Oct 30 2025 11:00:52 GMT-0500 (Central Daylight Time),success,"",https://www.zillow.com/homedetails/18668-Warwick-St-Detroit-MI-48219/88478441_zpid/
svkLgXU9kiGF9cN0paMg,"2431 Summer Breeze Rd, Mission, TX 78572",Mission,TX,78572,98329006,499000,956-624-4646,956-802-2043,Tue Oct 28 2025 11:19:29 GMT-0500 (Central Daylight Time),success,"",https://www.zillow.com/homedetails/2431-Summer-Breeze-Rd-Mission-TX-78572/98329006_zpid/
t3LaPQApATjfIId5G7Z3,"(Undisclosed Address), Augusta, GA 30906",Augusta,GA,30906,14968595,200000,706-955-3392,803-220-2049,Tue Oct 28 2025 11:19:30 GMT-0500 (Central Daylight Time),success,"",https://www.zillow.com/homedetails/Augusta-GA-30906/14968595_zpid/
tANIylXr1PgtRekVQKsa,"129 Williams Rd, Bessemer City, NC 28016",Bessemer City,NC,28016,5884674,210000,Melissa.keffer@yanceyrealty.com,704-577-9055,Wed Oct 29 2025 05:00:51 GMT-0500 (Central Daylight Time),success,"",https://www.zillow.com/homedetails/129-Williams-Rd-Bessemer-City-NC-28016/5884674_zpid/
u4ePHTtbnEPtDZbGyyX7,"7422 Burrowing Cobra, San Antonio, TX 78253",San Antonio,TX,78253,2058130924,289000,(210) 387-0187,210-844-8683,Tue Oct 28 2025 11:19:49 GMT-0500 (Central Daylight Time),success,"",https://www.zillow.com/homedetails/7422-Burrowing-Cobra-San-Antonio-TX-78253/2058130924_zpid/
uetuU4TxIDtWStP4qRnd,"150 Joseph E Lowery Blvd SW, Atlanta, GA 30314",Atlanta,GA,30314,69342989,315000,404-859-8747,,Wed Oct 29 2025 07:01:31 GMT-0500 (Central Daylight Time),success,"",https://www.zillow.com/homedetails/150-Joseph-E-Lowery-Blvd-SW-Atlanta-GA-30314/69342989_zpid/
utYyGhEk5qLBCMnBBNnc,"2410 Honey Dr, Arlington, TX 76001",Arlington,TX,76001,83807115,560000,844-444-6237,844-444-6237,Tue Oct 28 2025 15:01:49 GMT-0500 (Central Daylight Time),success,"",https://www.zillow.com/homedetails/2410-Honey-Dr-Arlington-TX-76001/83807115_zpid/
v4LfX6MCKY2ZPBMjorzU,"417 Sombrero Beach Rd, Marathon, FL 33050",Marathon,FL,33050,45818729,1500000,305-395-0814,305-743-5181,Tue Oct 28 2025 11:20:08 GMT-0500 (Central Daylight Time),success,"",https://www.zillow.com/homedetails/417-Sombrero-Beach-Rd-Marathon-FL-33050/45818729_zpid/
vBcxiRPn1jFT1mLSqAqu,"601 40th St, Fairfield, AL 35064",Fairfield,AL,35064,174703753,101500,205-209-2421,205-822-2272,Tue Oct 28 2025 11:20:13 GMT-0500 (Central Daylight Time),success,"",https://www.zillow.com/homedetails/601-40th-St-Fairfield-AL-35064/174703753_zpid/
vCXRrwNtYMyeZzEwSlQD,"3173 Fowler Ave, Omaha, NE 68111",Omaha,NE,68111,75804204,145000,402-651-3055,855-450-0442,Tue Oct 28 2025 11:20:14 GMT-0500 (Central Daylight Time),success,"",https://www.zillow.com/homedetails/3173-Fowler-Ave-Omaha-NE-68111/75804204_zpid/
vrTbJW4rBZWN43nkVSVK,"611 janice, Converse, TX 78109",Converse,TX,78109,26184013,229700,(210) 542-4959,210-542-4959,Wed Oct 29 2025 05:00:54 GMT-0500 (Central Daylight Time),success,"",https://www.zillow.com/homedetails/611-Janice-Ln-Converse-TX-78109/26184013_zpid/
wXFMJLgKSKXl8p478H5m,"7082 Harvest Way, Milton, FL 32570",Milton,FL,32570,80797544,267000,772-303-3377,772-343-7261,Tue Oct 28 2025 11:20:38 GMT-0500 (Central Daylight Time),success,"",https://www.zillow.com/homedetails/7082-Harvest-Way-Milton-FL-32570/80797544_zpid/
wdMpl5HKWjtYWg0McHp2,"1230 Junction Dr, Sparks, NV 89434",Sparks,NV,89434,7294987,510500,775-382-2244,775-685-7788,Tue Oct 28 2025 11:20:40 GMT-0500 (Central Daylight Time),success,"",https://www.zillow.com/homedetails/1230-Junction-Dr-Sparks-NV-89434/7294987_zpid/
wsQ4rlMMiuTQKhvybrqi,"6725 Daniels Walk, Cincinnati, OH 45233",Cincinnati,OH,45233,245668563,534900,614-989-7215,614-989-7215,Tue Oct 28 2025 15:02:03 GMT-0500 (Central Daylight Time),success,"",https://www.zillow.com/homedetails/6725-Daniels-Walk-Cincinnati-OH-45233/245668563_zpid/
wxLxXH0LPaNAJqbma7Ph,"1245 SW 26th St, Oklahoma City, OK 73109",Oklahoma City,OK,73109,21896979,250000,405-808-3606,405-674-6290,Tue Nov 04 2025 04:01:29 GMT-0600 (Central Standard Time),success,"",https://www.zillow.com/homedetails/1245-SW-26th-St-Oklahoma-City-OK-73109/21896979_zpid/
x3ezNTZjiHW1ZSwxI3o8,"15507 Harvard Ave, Cleveland, OH 44128",Cleveland,OH,44128,33439044,110000,216-210-7653,440-327-2123,Mon Nov 03 2025 10:02:39 GMT-0600 (Central Standard Time),success,"",https://www.zillow.com/homedetails/15507-Harvard-Ave-Cleveland-OH-44128/33439044_zpid/
xRQgpf9BUM7RzAmqYXfX,"1638 Birch Pl, Corpus Christi, TX 78416",Corpus Christi,TX,78416,28812012,109750,361-822-0820,888-519-7431,Tue Nov 04 2025 04:01:17 GMT-0600 (Central Standard Time),success,"",https://www.zillow.com/homedetails/1638-Birch-Pl-Corpus-Christi-TX-78416/28812012_zpid/
xdBl3oN3TbEmj1mKIlps,"10031 Abington Ave, Detroit, MI 48227",Detroit,MI,48227,88459876,85000,313-846-0960,313-846-0960,Thu Oct 30 2025 09:01:51 GMT-0500 (Central Daylight Time),success,"",https://www.zillow.com/homedetails/10031-Abington-Ave-Detroit-MI-48227/88459876_zpid/
xpCFrCMJTbl3jCP8JY2Z,"4233 Glenbrook Dr, Memphis, TN 38109",Memphis,TN,38109,2065889861,118000,901-459-2996,901-633-1484,Tue Oct 28 2025 17:01:02 GMT-0500 (Central Daylight Time),success,"",https://www.zillow.com/homedetails/4233-Glenbrook-Dr-Memphis-TN-38109/2065889861_zpid/
yaTE1A3kfL7fH8LviPeq,"10205 Kellogg St, El Paso, TX 79924",El Paso,TX,79924,27486350,235000,915-694-7665,915-585-8806,Tue Oct 28 2025 11:21:15 GMT-0500 (Central Daylight Time),success,"",https://www.zillow.com/homedetails/10205-Kellogg-St-El-Paso-TX-79924/27486350_zpid/
yeNIsBs1pTA8He4tKegD,"927 Tower Loop, Mountain View, AR 72560",Mountain View,AR,72560,109128979,315000,760-760-4320,760-760-4320,Tue Oct 28 2025 11:21:16 GMT-0500 (Central Daylight Time),success,"",https://www.zillow.com/homedetails/927-Tower-Loop-Mountain-View-AR-72560/109128979_zpid/