Firebase ID,Address,Status,Status Code,Webhook ID,Duration (ms),Error
0QHeRknFHBHgsQSjNKkI,"716 N Joplin Ave, Tulsa, OK 74115",success,200,uuxnUMstRPgSZixTI63F,935,""
0fETyGfWVqW2gmvqXPnt,"1517 Chapman St, Houston, TX 77009",success,200,83Sehyi7LdzbDyeJ44LZ,2639,""
0wfOOQJpYg8poXwgRmVs,"2050 Egret Ave, New Braunfels, TX 78132",success,200,Sl9jRgjy9x8XqtbuZKky,833,""
15HpTQjJktjRnx6TtwMj,"305 N Forest Ave, Tyler, TX 75702",success,200,NKxqpLE7aCGIxLRzQy6Z,838,""
1rqiP2bNQAqVM3Rgm9Oa,"908 Evesham Ave, Toledo, OH 43607",success,200,IsjppqM8Ueo0izjYWokQ,624,""
1xNIC1Q7J741utL5PQrW,"3213 Werder Dr, Saint Louis, MO 63121",success,200,czbLUzKNK8GdfZSVsb1O,727,""
1zLKj1iIDjDfDHipr5mc,"248 Palm Lane, Brooksville, FL 34601",success,200,PO28VluuoeHxyMdXtQNr,709,""
20TNji0EqZS2evb3gztV,"9163 Loganberry Ln, Saint Louis, MO 63121",success,200,IdMZ6IRKsrMW8PhuKBCu,957,""
25K8fzx3dqXkptNm6qFB,"14885 Winthrop St, Detroit, MI 48227",success,200,kk1UC3bULEUsyNn6b5sM,916,""
29USLDgMbQYlkFvsMNQN,"423 Jockey, San Antonio, TX 78227",success,200,mfJ0tq9YbI2Sj3EPdleb,599,""
2CFRqIKyffhv7AZYOkqT,"1007 NW 95th St, Oklahoma City, OK 73114",success,200,BvNKZnn1OYX4tFpncrjX,862,""
2QYWdpYeRsgZ2QGIUEly,"311 Davenport St, Lincoln, IL 62656",success,200,iktVKVIpA6nVoPUsnvyJ,764,""
2gqJNKiDVunQZ5JVG0Wp,"414 E Church St, Dallas, NC 28034",success,200,39hEbD79Jkfs8bkA5PWG,541,""
2nS6tPrSwCA7p77SsArN,"2022 Highwood Dr, Garland, TX 75041",success,200,u3faOHgzQGG6o9ZH0pmh,704,""
2pQC8iC5bpw86oteQn1N,"16220 Tracey St, Detroit, MI 48235",success,200,tvWeC11DApwJe4aH9eb8,553,""
2uHlySCJh1LCSlirElLf,"3655 E Maxwell Pl, Inverness, FL 34453",success,200,8SfUWT9qhtskPHaZrGRf,773,""
2vflqTTrWNoVg3rqoWyM,"4751 Deer Run Rd, Saint Cloud, FL 34772",success,200,hkgwAwrWmoij7tACMiZj,756,""
38ucHhE9A29yRgebDUSO,"3690 Wellington Pl, Bartow, FL 33830",success,200,5VEADP9pLUGYD5glbpPY,763,""
3QLkkNyhdQu1PyFg0O6R,"112 E McNeill Dr, Red springs, NC 28377",success,200,dDFSbk5JMvV8ucH0Vcph,785,""
3gffTHpVKZhqWJaPiAKD,"508 W Chavez St, Edinburg, TX 78541",success,200,9mb9fBkjWkh5OkpjExYq,636,""
3pq01MaDi3U20W0cDjsy,"280 41st Ave, Saint Pete Beach, FL 33706",success,200,AcBDvQFkV0gIKSrAbBNr,1119,""
3tqSOBlNRIZuBbSDa54E,"11527 NE 126th Ave, Vancouver, WA 98682",success,200,j1iNwzWRNviII26iMLPN,795,""
46P3NXxcjkj4waM7cnGn,"4217 Kellywood Dr, Austin, TX 78739",success,200,m5ChR4cETtWvAzJFQW5N,787,""
48BQnRUtCNRLPcMKOwLt,"8401 Dogwood Trl, Haughton, LA 71037",success,200,TVLil42TO2SZuO6Vfctl,678,""
4BR0BIyeJ7RmwIDPKl1i,"(Undisclosed Address), New Port Richey, FL 34652",success,200,mTlveKj65fBDqDoLeHwh,641,""
4C8jPIbgcdutfxIe3ZCK,"170 Olga, San Antonio, TX 78237",success,200,M7I8RNamUKKxB2cVjBAU,604,""
4u2835fiQyDDt7oZX2Z2,"1028 SW 28th St, Oklahoma City, OK 73109",success,200,8zFYhOv1lG7p1AtRpHl4,659,""
5MOLh5HERSpSpRzDqywd,"3501 Saddlebred Dr, Gastonia, NC 28052",success,200,72Oxr14FHQl7hO4YAxQ0,1120,""
5Z2bhQkj5hnMyGsaUmFB,"2713 Avenue Y, Brooklyn, NY 11235",success,200,dAqj7cfCSpMjY4Kshjps,747,""
681URpUx3JtldTK0e9qI,"3602 E 70th Pl, Tulsa, OK 74136",success,200,SqFvzdsloRBKPZXmHQh3,724,""
6vgiNFk1vzGJ0A07bh0b,"1110 Elgin St, Corpus Christi, TX 78405",success,200,GzMvj3bTgqe5Y3SlX4sa,636,""
7Hn3PcjNxzuMqKGgqyiL,"330 Pool Dr, San Antonio, TX 78223",success,200,ULTvebXCybtC2nB1cAqE,596,""
7p58dTpU3MZcD7sr6VPS,"113 Jaynes Ave, Island Heights, NJ 08732",success,200,s46rQdBD7DTEZ8qcv8yR,809,""
7pLQg7qC0UKUW76W7ZgP,"5552 Lakeside Dr, Union City, GA 30291",success,200,P1Ybq4e2r1jiwN9g0fHZ,422,""
84MwptcEWheLev768zTs,"205 E Smith St, Benton, IL 62812",success,200,mptq8uZ70UBggLpxd4sG,597,""
8V68A4IwjgEqGJPYX8jH,"547 Helena Ave, Dallas, TX 75217",success,200,OGU8xqZ74wKbK4PcvdGp,810,""
8csYMW1HvrI7aSBqgOjr,"928 25th St SW, Birmingham, AL 35211",success,200,P9SnOsA362MwrIm4cmIb,3719,""
8fQcF0e0CbrWkjjuFesG,"4205 Lake St, Omaha, NE 68111",success,200,1oyFQtkG7XMTBI5lzMWO,1720,""
8in2ztWCys2yUz0qFBQo,"1610 16th St, Port Huron, MI 48060",success,200,5BF1HKufexRcxFIItdCd,3123,""
955kibeiRLj5No7vTV4h,"706 Timilo, San Antonio, TX 78219",success,200,x8piyA9EP3fu02mvOzrL,695,""
9b5QhdU0ufVwPwfrRjwb,"807 Fenet St, McKinney, TX 75069",success,200,nEsvwaggsYSaOEqLfsLA,2409,""
9h4cpYqJEMm7upY1gyHm,"106 Contienental, San Antonio, TX 78228",success,200,W83bRnmvlihjx3dVxN4i,973,""
9j8jzKiT6p7JPL1oBnFd,"2067 Jamie Dr, Memphis, TN 38116",success,200,IlG77ojGXhvVaTeAd7gl,745,""
A3o3vaNiao8IuaRv1DSF,"10707 Hernando, Converse, TX 78109",success,200,jABpG71sasV81MjjVO9s,604,""
AFRTtaV34332O1T7v5Dg,"17 Geraldine Ln, Denison, TX 75020",success,200,wzFHokkPhynE7Hzvj7uL,843,""
AKtCDUtOZMZiiNoqVhSV,"212 14th Pl, Vero Beach, FL 32960",success,200,wtfkb8Znfz6DHZEzqZir,1173,""
ANk2I1VMExolMq6OkeP6,"4720 Whitewater Lane, Crestview, FL 32539",success,200,wqoe2MmNe8qL402hAoHo,777,""
Agb23h4bfN3053pRJ57g,"111 N Thompson Ct, Chickasaw, AL 36611",success,200,SyqwYexl8ehk24l6VMEc,3677,""
Aty2173dnV1oj3DRPgRx,"2842 Kingswood Dr, Garland, TX 75040",success,200,pEok1w7ApRtIhEWDxYsx,620,""
BUq6YEBQcLW3zN3L1aPc,"230 Hovenkamp St, Keller, TX 76248",success,200,mWQM9KDrYHr33mcewCO0,700,""
C5EWtryjgkNjO8d71EZ3,"2301 S Westminster Rd, Midwest City, OK 73130",success,200,1zCGhj7nZE1Mf49tXHqF,450,""
CThyrhnbKSzHmE8KQ3EZ,"2610 Derbyshire Ave, Memphis, TN 38127",success,200,ujAZQq2u28JCAqfUIbja,847,""
ChNy9oINst7xdTvlEOfN,"2318 Monroe Ave, Saint Albans, WV 25177",success,200,Oz8FlZbH56nZPqEvRNVF,641,""
DajfNWTo9upP4EFgKWlE,"300 Jonesboro Rd, McDonough, GA 30253",success,200,WWU89lNqHeh4b98XzqaI,661,""
ERK8fX0wD2rmDPAovECq,"6525 Willow Oak Ct, Fort Worth, TX 76112",success,200,TwLMdriRQs0yfI0F0kAt,1082,""
ETEmcqUn6crhVUWnKeLQ,"3312 Jonathan Circle Circle, Augusta, GA 30906",success,200,q4cCc47tF0EEtQVgsGvC,575,""
FJriOmgiBwlUpiwmFszG,"3790 60th St N, Saint Petersburg, FL 33710",success,200,vuuVphg0tn5da5bfumSf,626,""
FRg667ZwVmiGOs5eTaNU,"662 NE 8th Pl, Toledo, OR 97391",success,200,ZenKsuzihdDYOBQ9tMiA,599,""
Fkfu7AK0fHzz6xqWJ3Rx,"910 Menefee, San Antonio, TX 78237",success,200,niErxN2elIH92UF0PruQ,613,""
ForPvBeMUU9iWmMtrjNh,"6305 SW Shady Side Ave, Bentonville, AR 72713",success,200,MfLvdk5MRUXVzMWNfjJh,825,""
G2FTs20TqdRrkQKUCsIM,"596 Myers Rd, Winchester, TN 37398",success,200,QDsiSMufDOa6SpqIRmKO,715,""
GA44yNdyn5TRxa908PCU,"154 Elm St, Dyer, TN 38330",success,200,678PHbsCagXYSPt88ZSC,703,""
GMwCXhmc3EPIYKZWA1g7,"4768 Royal Ridge Dr, Memphis, TN 38128",success,200,vTNOUozdQHpWfOPAqAUx,795,""
GmmWY2KnwnQOzytBrz0n,"2628 Oaklawn, Tyler, TX 75701",success,200,dBMu9vLF3STjsIAzjvJP,627,""
GzsIy1j7OBcsNikrrEwt,"3411 7th Ave, Parkersburg, WV 26101",success,200,1jfMhyAoAKKFqBFDT0a4,665,""
HhzZvPrEDRFVhmrMU0b1,"740 Plains Blackfoot Dr, Socorro, TX 79927",success,200,VpAj969Gyz9hq7hbwfDF,1083,""
I5DqAslHtIwgvEFo9g2K,"3021 Stone Mountain St, Lithonia, GA 30058",success,200,KbJYM44dUemk27SV7lpI,692,""
IWzpWbKhyO50z5wOJeX2,"9591 Abington Ave, Detroit, MI 48227",success,200,wwzbUJjxSFDO82UDcHEu,2700,""
IXOUT5U1nCKhempJ0msZ,"110 E McNeill Dr, Red Springs, NC 28377",success,200,cMsXieGkNxJnNSLynMTn,744,""
JEAlchcIxCDvo15jwZCZ,"349 Cascade Dr, Central Pt, OR 97502",success,200,u52OQ8qs9bNIDE7fTHV8,769,""
JIE1QbhWXjg1cj5JQD6i,"6380 Bellavia Lane, Panama City, FL 32404",success,200,2eiaLMYDsAirUnd6AmUv,604,""
JRueCeVS8BGExTd25SqZ,"1601 E Optimum Dr, Edinburg, TX 78542",success,200,Sop8qzC72L2U7rfywwI2,534,""
JWfHTm3iKU8RT5dPLQAz,"2013 W 99th St, Cleveland, OH 44102",success,200,M56lD8tcyHwNU4iiGU1Y,813,""
Jj2rYBDF580AqcaJy80f,"3203 Aden St, Memphis, TN 38127",success,200,25xbkE6mCR1zPJrPvr9Y,1293,""
K73MaKVOJ3VfqksIdDn6,"819 La Salle Ave, Fort Myers, FL 33913",success,200,Euzi6FeU8zAokSvrUy9Z,795,""
KLlrzEqd8OK4yK8HNyDo,"823 Bitter Creek Cv, Memphis, TN 38127",success,200,fGrTHsb3Nk441NCmsy8K,647,""
KZ0k7dCFRJH3M5NJgqKt,"1009 W Smith St, Peoria, IL 61605",success,200,X9xltZSNHMfcocORWX5E,452,""
Kekp8FJLL2N2mrVo3yL6,"1110 Sandra St SW, Decatur, AL 35601",success,200,eLRVrDvMz9K9wvVgR8C7,1274,""
Lk9B4yMcVHtpHhoSx7d9,"11526 Clifton Forge, San Antonio, TX 78230",success,200,7dSqOxQhZgVgSy3nqHwC,844,""
MQDrWAdb5Zpa9lnan8pm,"5744 Indiana Ave, Kansas City, MO 64130",success,200,snEz1qsZDaihkFYyUqWr,294,""
MatzAgHR1OmZw4wneyGW,"520 Gray St, McLean, TX 79057",success,200,imTteyAeNWTl0WlAgBxn,807,""
MiJxZwjtB6SWi8waIIgr,"127 Furnish, San Antonio, TX 78204",success,200,QzZ4golLkp3yGD9uZbVm,5192,""
Mjq0TGFAOKON4TC5tQrI,"514 Rice Rd, San Antonio, TX 78220",success,200,mwRXxByD4UVLxLdX8nfH,371,""
MlRcPX3swkN5ju0yQMcD,"15826 Sorrento St, Detroit, MI 48227",success,200,5doA1QW4pYPEvQyrGe4i,691,""
MoyjHWBVMYyvnxHW8tdJ,"2005 Lenox St, Harrisburg, PA 17104",success,200,ZZ1e0FXNsctyhnp3sT63,598,""
MxhnvLvwYM4U1aCn0AYB,"4058 Sandburg St, Memphis, TN 38128",success,200,r2030xqQjeGn9AZMLkvx,1879,""
N5eu0hAjp1UTGbTKDcJj,"2403/2409/2411 Fulton St, Houston, TX 77009",success,200,pQRVOTSc6CYzKRI0oSV5,776,""
NRTW24C2DG3OSA1v4pid,"19977 Cushing St, Detroit, MI 48205",success,200,qvsORPzJNvyVAuKc4MPD,1302,""
NYhtaApPO7YqCGUwOZ6i,"4975 Springbrook Dr, Douglasville, GA 30135",success,200,MBCqHPPl7GI4R84cYrAX,329,""
Nueqeg3SikTIQVgwOdjJ,"129 Aurora Dr #10, Asheville, NC 28805",success,200,ldoea7SAbci7O3eurN5v,541,""
OHLz7fGmhuDbwzJS81n8,"231 Elm St, Hurst, TX 76053",success,200,OUbyG4dCs89kMkmGY3Sw,552,""
ONnbIiM0bMfNZqIeyYaQ,"1842 Miller Rd, Hummelstown, PA 17036",success,200,LmgQWoQF1h344CJ82MLv,779,""
OgKAd2rFUh6azqYF6E3Z,"142 E Lakeshore Dr, Horseshoe Bay, TX 78657",success,200,vZSSY8mfTwfl3ZXCQAg0,560,""
OpoPpULDwDN80pMgVLuG,"410 E Thrush Ave, Peoria, IL 61603",success,200,E5VBhi8uSSOJ5n09qz0q,698,""
Ort0Q4oRNf8P0h9aDd2m,"1409 Chestnut St, Bastrop, TX 78602",success,200,2H4GdTIpY7zCesTHXh38,791,""
PIa69yOnQ25tbQw8yhKJ,"603 N Highway 95, Little River Academy, TX 76554",success,200,1J9baSypYQ6p8rwM8KJ0,628,""
PnIVyZxWSCk1AoOasyzz,"6711 SW 64th Ave, Ocala, FL 34476",success,200,P8l6vpjurkFbXpPzy8wB,669,""
PwH9ixntKyd8pAe3p8qu,"108 Snowy Owl Trl, Rhome, TX 76078",success,200,wIZm6nLRPlM2vfNvAhr2,582,""
QDmrttd22INFqNFKmgfQ,"3954 Calle Rio De Janeiro, Brownsville, TX 78526",success,200,7HBNsGBLPyu69t7kjNpf,774,""
QXZHxr6jFqYdrs6TEdeX,"4108 Double Tree Rd, Memphis, TN 38109",success,200,lPGfUozAUebb8ovtqgTC,755,""
QvceKnrgMVXVGEVtsNZ8,"3237 Zircon Dr, Edinburg, TX 78541",success,200,40UYbxcgJySzAhv019Ep,585,""
Qy0lPWSbCfQFIBz5QYJq,"7020 Elm, San Antonio, TX 78244",success,200,AYdcICztdPk8A5h3E9u0,1007,""
RLo9VzVnl1hbXFlD7hEX,"206 NE Laurel Ave, Myrtle Creek, OR 97457",success,200,3psUSJyxrGC776IVHnfg,725,""
RWAaRivpushX9VHP9gee,"1439 Caballero, San Antonio, TX 78224",success,200,JKcpOYOmc3u6xTIYTNos,504,""
RgWsxBM559EyxNHVd1qO,"5953 110TH Street, Jacksonville, FL 32244",success,200,gT64MqpvMb3IzEcwcku5,789,""
RhfU4yXtMa6jfuwfGDG4,"1267 Fort Park Blvd, Lincoln Park, MI 48146",success,200,OGflIzYgfaL7joLZ56l0,701,""
RqFvzDOBAiEiPLqmh3z3,"3287 Boxdale St, Memphis, TN 38118",success,200,47ZwdZWxNqe41YMgJBDV,723,""
Rzl5MZszhN1Q3lixS5at,"4704 Oak Cliff Dr, Austin, TX 78721",success,200,EDLqUGa7BPjiM5p35dYr,764,""
SaD3Y0e1iIeXm9zUzMM3,"3830 Roberts St, Kansas City, MO 64124",success,200,vjGagVFQnHlYxxCT5EEW,624,""
Scic5pE1DyMKy3U26VOC,"4003 Comanche Rd, Memphis, TN 38118",success,200,xB9gQYTyWVrNz8QTBzOs,533,""
Sdbjcky06jixHEaIALPC,"3346 W Woodlawn, San Antonio, TX 78228",success,200,FQZVOrUXg8bXOladQ62g,626,""
T34lDdqvHJll3MGAe7s3,"3801 La Paloma Dr, San Juan, TX 78589",success,200,VsEp5OrQMEQdOTdKVt4S,799,""
TYBTvNNAjzGxmBMoFk1C,"7202 Mill House Dr N, Mobile, AL 36619",success,200,4tmDsbPy8Ypcw3OXO9xW,729,""
TanJRnCAcohJG3sH3vYC,"4514 Wrangler Run, San Antonio, TX 78223",success,200,Xvb1ioAV7JFtmoQPgNem,828,""
U3wHkMvgRB7RELXpza19,"1456 Eason Ave, Memphis, TN 38116",success,200,p51O2V3qWZjFgAojebgh,1719,""
UCHech4KDQd42P7FCSDT,"524 Trison Dr, Cincinnati, OH 45233",success,200,VMoRNBMPnTZM542HxBGo,1387,""
UIcSnKWxirv62PlkfHSq,"134 Beechwood Ave, Norfolk, VA 23505",success,200,ZeYJHxUbortnASfdjjHo,531,""
UT6iWuvEG3FtFDMhDFic,"1560 Delano Ave, Memphis, TN 38127",success,200,RwpE8IqKUAi0aJqDKVQQ,446,""
UWhzbqoYG8OUDGNzYQly,"1900 University Blvd APT 4014, Brownsville, TX 78520",success,200,150LqJriyXdJnmFm8xUj,667,""
UbI5d3F77Rc37KJMLoZV,"5539 Greylog Dr, Houston, TX 77048",success,200,likl0PrVFBSbplKBevad,747,""
UhGHZm4Mb9XIx6Q4MiFF,"5820 Bluebonnett Dr, Bossier City, LA 71112",success,200,DQmmEil9JWaGDxxlzWbw,6581,""
VHzIIstfNPoY8dZbt4Ux,"10200 NE 123rd Ct, Vancouver, WA 98682",success,200,It1LD2QK4EeNNG2CAsvR,567,""
Ve0nujDgnOn41xYuoDVR,"2930 W Chestnut St, Tampa, FL 33607",success,200,XlaYZWJMT3qODYlqqkf0,782,""
W9hBV2M4JG5EeZ8SCj16,"1713 Diplomat Dr, Edinburg, TX 78542",success,200,vnUAAs1AI1HWZG5jcRbd,1004,""
WTItBMjcdhLLla8OjosX,"1301 Church Street, Wilmington, NC 28401",success,200,qUguejhOvS4VDHImeYaR,547,""
WsJrhjyfACMdfLsToaOW,"2359 Waverly, San Antonio, TX 78228",success,200,xsdgk7637GgWnLXHyH3E,453,""
Wz0gD3zKksb4tPejv9fD,"1164 Moodyville Loop, Byrdstown, TN 38549",success,200,ytm0kygLPaGNVipzFqmo,448,""
WzEKlzs60tCeyCBfYTB9,"4212 Parkchester Ave, Memphis, TN 38118",success,200,Bv9yqXa4vgHiC3UH6s9l,876,""
X4TkySnBTLWoNN6A1I0u,"4025 Emerald Dr, Mesquite, TX 75150",success,200,wV4zhWNzCWiIX8J5Z4qv,376,""
XMy2WpwpBSrrNtLkFLvp,"2966 N Gemini Meadows Ln, Cedar City, UT 84721",success,200,aKAfCPmFdmpqeO852FzI,617,""
XcSAytk1R3KhJ8Ly7eFz,"1829 Saint Charles Ct SW, Birmingham, AL 35211",success,200,K1yPEJsW5YfuqXQEPTCa,550,""
XhGdm0xA6wk3ep1vRHAe,"11828 LUCKEY FALLS, San Antonio, TX 78252",success,200,LVFx3Eh0E1bycNn5ryna,800,""
XiLi5PON9rN9XXD2l2RR,"1605 SE 62nd St, Oklahoma City, OK 73149",success,200,jJK49JBHlEB0szjoFrOn,667,""
XpW0JgaMDrOZ8LPk3lsC,"1512 Sherman St SE, Decatur, AL 35601",success,200,Nvqn7HKs91DsiVx5hFN1,747,""
YGP6lvJHl1aXqyIoFrL4,"1218 Stratton Dr, Corpus Christi, TX 78412",success,200,gjvdjP8NMs8oVEgtT5Xa,759,""
YGZ37tYBVY73EbBihioj,"2702 S Collins St, Mobile, AL 36606",success,200,3FKadDDTfmXRNKMhCtyT,641,""
YX3SGTUbfsCOgA4gnqzB,"733 Spruce St, Hampton, VA 23661",success,200,FXsRRsxM8kwSFBpqjOrB,445,""
YgsEBm2X8JTkYFie9q74,"91 Sunset Dr, Hanover, PA 17331",success,200,BoGTnEYQOIf0yaRRQLr4,802,""
Z3IEHQ4xHh0wzqcbRZGe,"2764 S 117th East Ave, Tulsa, OK 74129",success,200,IvBZ70M25AZcd0jwBi3B,554,""
ZMLRSvLeCjULR5wzYy6O,"3794 W Donna Dr, Memphis, TN 38127",success,200,JyajvcpprZtZdtKGYkRJ,883,""
ZZ85gbUlN1FA3wKyYHMb,"1205 Old Main St, Newton, KS 67114",success,200,xC2uKw5lo109xpAt2XP3,5696,""
ZZUTnOjtSmKsuBZHaFXC,"3330 Calle Bolivia, Brownsville, TX 78526",success,200,Pnh0GJ74KfckHZEjhnOY,1505,""
ZiFmobpzureg9naROsIg,"11970 Osprey Ave, Weeki Wachee, FL 34614",success,200,VR43FTcHDzFBzAWWPzUv,720,""
amKC2s6KBElcnJ9Q4E9r,"15074 Mayfield St, Detroit, MI 48205",success,200,DIibU6zs908xzkS4ZGgL,7148,""
aswROOEv1qgYeHWt9Q8L,"507 Pecan Valley, San Antonio, TX 78220",success,200,bydDBpQuaCuqWWZXzRKS,2334,""
bl9dTtOKKOu9J6sYk32X,"131 Hilltop Dr, Trinidad, TX 75163",success,200,MWvScAnObIe5UYPOpogH,791,""
bweQMv3NWYrT8qiaQmr7,"555 Highway 197 N, Clarkesville, GA 30523",success,200,oEiNLHr2EQJEHRiDXiCN,798,""
cjYTg8lpBbnV9A4YG25K,"1876 Coventry Dr, Memphis, TN 38127",success,200,6bu38tgZcMDu9Jt4qciX,643,""
ctnLEgRggbfkpR4iYIjL,"2413 Trice Ave, Waco, TX 76707",success,200,kYLfQQ7xzxOCS0m2efBt,524,""
dhoGTW7riJByyahy1qCX,"23491 Harper Ave, Punta Gorda, FL 33980",success,200,mBFBlRdmtFqHvhghhYxc,2032,""
eAfl1oYmY4ccpT6uapP5,"10906 Jackson St, Omaha, NE 68154",success,200,l8QD1H89AubX9rSnpuaX,697,""
egwAwN8ahpiTS9YxxC3f,"1338 Dunnavant St, Memphis, TN 38106",success,200,zGxli2fdrnzguskxnM23,610,""
evFivi99aRsnCvULQpUw,"2205 Julia Ave, Charlotte, NC 28206",success,200,ATvGV9DgKKIVSPCAW5cC,875,""
f1LYYQrwbJ8D2eNdBXca,"25187 Ethan St, Cashion, OK 73016",success,200,RBMmLPS2LzTfnT8WObZk,705,""
f7avXOGXqcPBBHC1Qrzx,"958 Birch St, Memphis, TN 38108",success,200,aZ8hx9M9CEXIpVHbirQl,850,""
fXihKE00XjUA6awzZAen,"10897 Lakepointe St, Detroit, MI 48224",success,200,wdlexCEPf23hQi1jAepU,604,""
fghC0QMh3NWDRmbky7SC,"512 Monroe Dr NW, Decatur, AL 35601",success,200,V3t7RLlPy44aZg9eyI3Y,584,""
fzFvoystNL5HD41vPOkN,"6713 Daniels Walk, Cincinnati, OH 45233",success,200,5pNDGw70zE6NdOZbQcPw,440,""
g5CFwNxgwkq8OhDrqlBs,"1021 Flagler Ave, Edgewater, FL 32132",success,200,FmG4UcQATarPLoKIsu3b,610,""
gY0ciqeAbFTw9rml1b3L,"14303 Rosemary St, Detroit, MI 48213",success,200,jk9arj0nPYj8FaIHdkrc,544,""
gbLmEoJeljIgFdrZlUww,"3213 Applewood Cv, Memphis, TN 38118",success,200,jZ0FzV2X68eu0d8nRKUN,909,""
h8jSMUHHhUjxFyL4l4bw,"109 Snowy Owl Trl, Rhome, TX 76078",success,200,i9fWwwp4RlxrurKiE59a,369,""
hZmHaQq4dCVT40HEvy8L,"1035 Rodey Ave, Charlotte, NC 28206",success,200,Yw3x5ll50NTw3mOOINGa,657,""
hcnLDstp8VwaFXVyti2D,"1156 NW 91st St, Oklahoma City, OK 73114",success,200,MbpKXKxr5u9GVZJkFaIX,766,""
hnwDk6ugD1WzEgPwiUeM,"801 Ala Dr, Fort Worth, TX 76108",success,200,4fvaPe7Ho1vinCuXuAnq,5390,""
i1AdPSVSYk32xc8K3OEv,"5018 Horn Lake Rd, Memphis, TN 38109",success,200,JNzLuknl9f50TX6UWSLF,1517,""
i6MA1jzCMA73hZhfhJZg,"8816 oakbrook, San Antonio, TX 78221",success,200,IGWOmAsRodPI1hBlb2Am,873,""
iY8Hml3mQZrYxeadzzQv,"1259 Wexford Ln, Cincinnati, OH 45233",success,200,BOLPheB0lcOJx3BcXGG3,884,""
iolihPKW05krEdLoLQ5B,"4238 Commercial, San Antonio, TX 78221",success,200,Z33SgrrHgPapqWKgv0vc,784,""
iourzeMJAq5rjiKdJWiK,"2214 Wakefield Ave, Bossier City, LA 71111",success,200,O4Pgx9PZ7q1uXAPxyIgk,835,""
j6hpO1Zo6UvZcTwUgehm,"12227 Luckey Summit, San Antonio, TX 78252",success,200,hxaHmO4WsdMtxsQa0HH9,1869,""
jIuhL0H47dtC4n0EgBFt,"6201 California Ave, Nashville, TN 37209",success,200,6XZ6ovZY2lszKhIN8ZOr,762,""
jbv6UXa10AqA9x7wDHwF,"11827 Gallery View, San Antonio, TX 78249",success,200,tUX9mgOzCJDri8OgJEFp,694,""
jj2zOXoUCDHYPo7XiXSU,"4682 Bullock Ln, Loganville, GA 30052",success,200,UndtMM9LSniuFkJQcw22,415,""
jqoTaBsB3wNmXPJfnJXY,"44 Hill St, Tonawanda, NY 14150",success,200,wCK7t9a41FHF3B2dZlPM,601,""
k03RbYbriB4qzzEgc9WM,"1000 N Elliott St, Evansville, IN 47711",success,200,XOwRKuBvTiia30VV6eAA,983,""
kG3Hp35bmpfE6grQBCaF,"1113 Rosewood Dr, Clovis, NM 88101",success,200,FQ1mRn5Cic9T35ObfOcj,525,""
kIaBJF2YWza6llZnvIu9,"223 Robin Cir, East Spencer, NC 28144",success,200,vfLChcl8WcPYOxNJDK0q,703,""
kQSmryZ5dYWAtXxYDbUG,"6833 Wanda Ave, Saint Louis, MO 63116",success,200,GqvtXOYNzSJpMud8KDmv,447,""
kYfjk7ZMUorokjHF1hfs,"3130 smoke, San Antonio, TX 78245",success,200,iEqYUnhVwWrhGufxESC4,790,""
l70nBvA93kuw49L9V3q1,"6823 Piney River Rd N, Bon Aqua, TN 37025",success,200,ZN6EWQLVOdkMdPe0mrXP,567,""
l8a4XbZlMVMzowH1hJt7,"150 Brandywine Trl, Rhome, TX 76078",success,200,BBT9GbF1oqGCnQDgYWOS,1480,""
lJVcgBecFpnLQAwdAPEP,"3256 Denver St, Memphis, TN 38127",success,200,C8CSM1KzhkaUGqahElFE,592,""
lXSupeE8gpOe32udbyeQ,"6723 Daniels Walk, Cincinnati, OH 45233",success,200,wR4mKUhHklW1l5sHj6j3,692,""
lizeKZ9zHbvDxbnqygqv,"309 E Milam St, Ennis, TX 75119",success,200,8REGbJwpkJdEyUhWKTyJ,675,""
lwvO6Jc8TmKNsGzDgccW,"656 E 126th St, Cleveland, OH 44108",success,200,PDRyTiAKMH73bPoCVQby,668,""
lyDYof8xhlhr40z7OfGF,"109 N Heights Dr, Crowley, TX 76036",success,200,3ww6yDYaQOlLDPYsLuKF,1108,""
m74bKz4F4SqEh8WLcCaJ,"15766 Cruse St, Detroit, MI 48227",success,200,6dgfNdTnt3yTxBi9s4Ga,675,""
mF8qTq3FfLgqTzyNMGny,"3457 Spreading Oak Dr SW, Atlanta, GA 30311",success,200,iRGskylpZiZaXFO6RKa3,527,""
mQ4LhFOExdaQjzar0mCf,"504 S Concho St, Coleman, TX 76834",success,200,NhcDeotRLRXsQQ3cHLNF,1125,""
mQNjjRh3vxrqFwYvedsT,"6916 Lagrange Pines Dr, Cordova, TN 38018",success,200,hL90tlIy2QDMBttphw5j,1343,""
mXnzQHVVJengB9ptDlie,"411 Legette, Seguin, TX 78155",success,200,dmVQXic9lyklwE2NOTn8,653,""
nE49gCIbyGvHvg6oDTjo,"854 Bentley Dr, Fairburn, GA 30213",success,200,SZjHBRBkxH94HzJdPocH,775,""
nMOYMJLfR3lfbueu5bAU,"C 622nd Ave, Bogalusa, LA 70427",success,200,ncC3ZSHk72gYE24AzVTu,711,""
oZidd3nfsDN6Ja1KZPVo,"1709 Navidad St, Victoria, TX 77901",success,200,DBWblUOhBu3ZGXUPT8Qi,765,""
ojw409fwLxyXyT0wMD7K,"86 S Osceola St, Beverly Hills, FL 34465",success,200,agYlcGIVyvOOcWlwpBpi,767,""
ow7A4aynl5fv3nolCQBb,"2831 Redwing Rd, Memphis, TN 38118",success,200,1WtLw32rMY5uMPOhu8vq,532,""
p4kJ1GurdeYiVkLog5aB,"141 Corbyn Cir, Tuscola, TX 79562",success,200,pW1LOjrix3GT1O7qgSrZ,1043,""
p8p2s4nmC2NajBfseFsb,"618 W Washington Street, Quincy, FL 32351",success,200,VwGu6kw4yzOhopKp2W6R,651,""
pfZLl7ke3CoToYkTqJdI,"107 High St, Buffalo, WV 25033",success,200,tKQMTxmsPtIDicEDF0Ve,713,""
pp9wrKTJ1bSacy39OZKs,"231 Wilkinson St, Shreveport, LA 71104",success,200,nDvi6mX8pgoTeHPb25Aj,665,""
pvUO26Oz9BXZPpdOtbCB,"8106 Fawn Ave, Saint Louis, MO 63144",success,200,zThSlwIIsOGmtJECBpnD,567,""
pz6YcCxIj6lyEEny21Oc,"10390 Short Rd, Harrison, OH 45030",success,200,cqIXLnyDb1VKbbuL1JX2,579,""
q4PJ1tClBDSwwkLyuY7y,"3730 E Davis Rd, Edinburg, TX 78542",success,200,h2Gqwfxw5YECdvkWYubP,772,""
q7e93xF5UCb2yjyMIAeU,"1493 Oaklawn St, Memphis, TN 38114",success,200,Pe7ht1GMtDOkEBQRKTg9,1075,""
qA1Z6WuOwSg8IfX1zB3B,"228 Sheffield Dr, York, SC 29745",success,200,JDtZjGvL3AZJxwBprX59,669,""
qN4op7WdQL7E6mWacqMn,"9400 Meyers Rd, Detroit, MI 48228",success,200,HnQZDFwhpLoiWu6pt6Bk,771,""
qj67TGigYy5wX47rv0Fu,"814 N Merton St, Memphis, TN 38112",success,200,z1RnXWzl8WiLaALyEe2u,578,""
r4VHt52YETUrVzrziZhC,"4700 Boulder Dr, Midland, TX 79707",success,200,0GCoFkKq0Wsp83gDK9uN,660,""
r86FheUXnyBF0CK34x1E,"15504 Oleander Dr, Charlotte, NC 28278",success,200,00QRtzS57IrF1Wy8Jn2c,809,""
rP29Xv9MsKBQdJVGAak0,"2513 N Carroll Ct, Villa Rica, GA 30180",success,200,1H5RmDQkBUjEzhQcpvxt,878,""
rQpA7A9vgNdJApPGXgID,"80 Mills Gap Rd, Asheville, NC 28803",success,200,ZPShDJWMeLBw8h9YTue0,649,""
rs6kFNAp2BnPC8dknpKN,"3612 Arbuckle Dr, Plano, TX 75075",success,200,DgXrX22cI2lz3eb9HMuo,1184,""
sBqxjU0IOHRhfPMxtjut,"3190 Applewood Cv, Memphis, TN 38118",success,200,g2gXqzfOPKLT3apU7Aqr,906,""
sSmQts7VpeoMFD6CFM8F,"1328 SW 28th St, Oklahoma City, OK 73108",success,200,yG3coUteZvtS4uDxRdFj,757,""
srGkggl4GhqzHyFFikzP,"18668 Warwick St, Detroit, MI 48219",success,200,9xOR2ZJRiYV33q8Q02gu,743,""
svkLgXU9kiGF9cN0paMg,"2431 Summer Breeze Rd, Mission, TX 78572",success,200,7vnkc0ph8rNyXl4DbiNX,476,""
t3LaPQApATjfIId5G7Z3,"(Undisclosed Address), Augusta, GA 30906",success,200,nEgRqjW2O3rupE21AeON,602,""
tANIylXr1PgtRekVQKsa,"129 Williams Rd, Bessemer City, NC 28016",success,200,oWpx2RDIbp6JbU3Ekxs2,793,""
u4ePHTtbnEPtDZbGyyX7,"7422 Burrowing Cobra, San Antonio, TX 78253",success,200,8i5llfNtni7AOV08hjVD,788,""
uetuU4TxIDtWStP4qRnd,"150 Joseph E Lowery Blvd SW, Atlanta, GA 30314",success,200,yH9ytvc55bk6ztiwz2WA,644,""
utYyGhEk5qLBCMnBBNnc,"2410 Honey Dr, Arlington, TX 76001",success,200,9QH46Fk1NOil3xQxJnyL,1077,""
v4LfX6MCKY2ZPBMjorzU,"417 Sombrero Beach Rd, Marathon, FL 33050",success,200,rgBbCRnhFVKYrhjThUam,852,""
vBcxiRPn1jFT1mLSqAqu,"601 40th St, Fairfield, AL 35064",success,200,ruaMuDexyrdMCc8D2mVy,826,""
vCXRrwNtYMyeZzEwSlQD,"3173 Fowler Ave, Omaha, NE 68111",success,200,RWfBbXh6UDWOrIvgtvbm,346,""
vrTbJW4rBZWN43nkVSVK,"611 janice, Converse, TX 78109",success,200,xMMnkBQ58gyLVY6h95ha,745,""
wXFMJLgKSKXl8p478H5m,"7082 Harvest Way, Milton, FL 32570",success,200,4LFB2xxscHUF49uhXBVo,348,""
wdMpl5HKWjtYWg0McHp2,"1230 Junction Dr, Sparks, NV 89434",success,200,NY6O17pM8NJnVPryUmon,841,""
wsQ4rlMMiuTQKhvybrqi,"6725 Daniels Walk, Cincinnati, OH 45233",success,200,DUpoKHv54Va9WUjk4zf8,729,""
wxLxXH0LPaNAJqbma7Ph,"1245 SW 26th St, Oklahoma City, OK 73109",success,200,YdTEBBWkEqNK4NHvqwcQ,964,""
x3ezNTZjiHW1ZSwxI3o8,"15507 Harvard Ave, Cleveland, OH 44128",success,200,vLayaFocuCIWGmrLUGcJ,1925,""
xRQgpf9BUM7RzAmqYXfX,"1638 Birch Pl, Corpus Christi, TX 78416",success,200,jGAwe972SOkVXcLoq4uI,869,""
xdBl3oN3TbEmj1mKIlps,"10031 Abington Ave, Detroit, MI 48227",success,200,7QKsfGmjGt0soQ6cqCri,505,""
xpCFrCMJTbl3jCP8JY2Z,"4233 Glenbrook Dr, Memphis, TN 38109",success,200,GPhW7tNRo8pKisBFikTJ,628,""
yaTE1A3kfL7fH8LviPeq,"10205 Kellogg St, El Paso, TX 79924",success,200,p3fXbWd5QUTHZDsvIZel,1111,""
yeNIsBs1pTA8He4tKegD,"927 Tower Loop, Mountain View, AR 72560",success,200,WH2PyUiyX0DH4rUqrgR4,749,""